,id,brand,name,price,price_sign,currency,image_link,product_link,website_link,description,rating,category,product_type,tag_list,created_at,updated_at,product_api_url,api_featured_image,product_colors
0,740,dior,"
                            Junon
                            ",20.0,£,GBP,https://www.dior.com/beauty/version-5.1432748111912/resize-image/ep/0/214/90/0/v6_packshots_sku_pdg%252FPDG_Y0002959-F000355494.jpg,https://www.dior.com/beauty/en_gb/fragrance-beauty/makeup/nails/nail-lacquers/pr-naillacquers-y0002959_f000355494-couture-colour-gel-shine-long-wear.html,https://www.dior.com,Discover the new-generation Dior Vernis and its ingenious formula that plays up the gel effect.,,,nail_polish,[],2017-12-03T23:24:03.403Z,2017-12-23T20:59:02.537Z,http://makeup-api.herokuapp.com/api/v1/products/740.json,//s3.amazonaws.com/donovanbailey/products/api_featured_images/000/000/740/original/data?1514062742,"[{'hex_value': '#FCD9CB', 'colour_name': '108 Muguet'}, {'hex_value': '#EA4D54', 'colour_name': '445 Coral Crush'}, {'hex_value': '#F9C8C8', 'colour_name': '155 Tra-la-la'}, {'hex_value': '#F7B6B6', 'colour_name': '268 Ruban'}, {'hex_value': '#B63853', 'colour_name': '785 Cosmopolite'}, {'hex_value': '#952D73', 'colour_name': '338 Mirage'}, {'hex_value': '#A3948B', 'colour_name': '306 Trianon'}, {'hex_value': '#977D7B', 'colour_name': '403 Palais Royal'}, {'hex_value': '#D2A896', 'colour_name': '413 Grège'}, {'hex_value': '#617686', 'colour_name': '494 Junon'}, {'hex_value': '#E73326', 'colour_name': '537 Riviera'}, {'hex_value': '#E61E32', 'colour_name': '551 Aventure'}, {'hex_value': '#E83B53', 'colour_name': '575 Wonderland'}, {'hex_value': '#E40040', 'colour_name': '659 Lucky'}, {'hex_value': '#E40B6E', 'colour_name': '661 Bonheur'}, {'hex_value': '#DB1057', 'colour_name': '669 Fizz Pink'}, {'hex_value': '#C90206', 'colour_name': '754 Pandore'}, {'hex_value': '#C60F54', 'colour_name': '769 Front Row'}, {'hex_value': '#780C18', 'colour_name': '853 Massaï'}, {'hex_value': '#340000', 'colour_name': '970 Nuit 1947'}, {'hex_value': '#A10705', 'colour_name': '999 Rouge 999'}]"
1,730,dior,"
                            Matte
                            ",20.0,£,GBP,https://www.dior.com/beauty/version-5.1432748111912/resize-image/ep/0/214/90/0/v6_packshots_sku_pdg%252FPDG_Y0002959-F000355999.jpg,https://www.dior.com/beauty/en_gb/fragrance-beauty/makeup/nails/nail-lacquers/pr-naillacquers-y0003759_f000375999-couture-colour-long-wear-nail-lacquer.html,https://www.dior.com,Discover the new-generation Dior Vernis and its ingenious formula that accentuates the gel effect.,,,nail_polish,[],2017-12-03T23:23:26.195Z,2017-12-23T20:59:00.800Z,http://makeup-api.herokuapp.com/api/v1/products/730.json,//s3.amazonaws.com/donovanbailey/products/api_featured_images/000/000/730/original/data?1514062740,"[{'hex_value': '#F39994', 'colour_name': '162 Miss Satin'}, {'hex_value': '#C78377', 'colour_name': '614 Jungle Matte'}, {'hex_value': '#6D1724', 'colour_name': '979 Poison Metal'}, {'hex_value': '#A50809', 'colour_name': '999 Matte'}]"
2,729,dior,"
                            Poison Metal
                            ",20.0,£,GBP,https://www.dior.com/beauty/version-5.1432748111912/resize-image/ep/0/214/90/0/packshots%252FPDG_Y0003559_F000355979.jpg,https://www.dior.com/beauty/en_gb/fragrance-beauty/makeup/nails/nail-lacquers/pr-naillacquers-y0003759_f000355979-couture-colour-long-wear-nail-lacquer.html,https://www.dior.com,Discover the new-generation Dior Vernis and its ingenious formula that accentuates the gel effect.,,,nail_polish,[],2017-12-03T23:23:25.096Z,2017-12-23T20:59:00.613Z,http://makeup-api.herokuapp.com/api/v1/products/729.json,//s3.amazonaws.com/donovanbailey/products/api_featured_images/000/000/729/original/data?1514062740,"[{'hex_value': '#F39994', 'colour_name': '162 Miss Satin'}, {'hex_value': '#C78377', 'colour_name': '614 Jungle Matte'}, {'hex_value': '#6D1724', 'colour_name': '979 Poison Metal'}, {'hex_value': '#A50809', 'colour_name': '999 Matte'}]"
3,728,dior,"
                            Jungle Matte
                            ",20.0,£,GBP,https://www.dior.com/beauty/version-5.1432748111912/resize-image/ep/0/214/90/0/packshots%252FPDG_Y0003759_F000355614.jpg,https://www.dior.com/beauty/en_gb/fragrance-beauty/makeup/nails/nail-lacquers/pr-naillacquers-y0003759_f000355614-couture-colour-long-wear-nail-lacquer.html,https://www.dior.com,Discover the new-generation Dior Vernis and its ingenious formula that accentuates the gel effect.,,,nail_polish,[],2017-12-03T23:23:24.181Z,2017-12-23T20:59:00.023Z,http://makeup-api.herokuapp.com/api/v1/products/728.json,//s3.amazonaws.com/donovanbailey/products/api_featured_images/000/000/728/original/data?1514062739,"[{'hex_value': '#F39994', 'colour_name': '162 Miss Satin'}, {'hex_value': '#C78377', 'colour_name': '614 Jungle Matte'}, {'hex_value': '#6D1724', 'colour_name': '979 Poison Metal'}, {'hex_value': '#A50809', 'colour_name': '999 Matte'}]"
4,727,dior,"
                            Miss Satin
                            ",20.0,£,GBP,https://www.dior.com/beauty/version-5.1432748111912/resize-image/ep/0/214/90/0/packshots%252FPDG_Y0003759_F000355162.jpg,https://www.dior.com/beauty/en_gb/fragrance-beauty/makeup/nails/nail-lacquers/pr-naillacquers-y0003759_f000355162-couture-colour-long-wear-nail-lacquer.html,https://www.dior.com,Discover the new-generation Dior Vernis and its ingenious formula that accentuates the gel effect.,,,nail_polish,[],2017-12-03T23:23:23.157Z,2017-12-23T20:58:59.809Z,http://makeup-api.herokuapp.com/api/v1/products/727.json,//s3.amazonaws.com/donovanbailey/products/api_featured_images/000/000/727/original/data?1514062739,"[{'hex_value': '#F39994', 'colour_name': '162 Miss Satin'}, {'hex_value': '#C78377', 'colour_name': '614 Jungle Matte'}, {'hex_value': '#6D1724', 'colour_name': '979 Poison Metal'}, {'hex_value': '#A50809', 'colour_name': '999 Matte'}]"
5,726,dior,"
                            Mineral
                            ",20.0,£,GBP,https://www.dior.com/beauty/version-5.1432748111912/resize-image/ep/0/214/90/0/packshots%252FPDG_Y0003567_F000355201.jpg,https://www.dior.com/beauty/en_gb/fragrance-beauty/makeup/nails/nail-lacquers/pr-naillacquers-y0003567_f000355201-true-colour-ultra-shiny-long-wear.html,https://www.dior.com,Discover the new-generation Dior Vernis and its ingenious formula that plays up the gel effect.,,,nail_polish,[],2017-12-03T23:23:22.803Z,2017-12-23T20:58:59.358Z,http://makeup-api.herokuapp.com/api/v1/products/726.json,//s3.amazonaws.com/donovanbailey/products/api_featured_images/000/000/726/original/data?1514062739,"[{'hex_value': '#C0CAB7', 'colour_name': '201 Mineral'}]"
6,725,dior,"
                            Sauvage
                            ",20.0,£,GBP,https://www.dior.com/beauty/version-5.1432748111912/resize-image/ep/0/214/90/0/packshots%252FPDG_Y0003565_F002880924.jpg,https://www.dior.com/beauty/en_gb/fragrance-beauty/makeup/nails/nail-lacquers/pr-naillacquers-y0003565_f000355924-couture-colour-gel-shine-long-wear-nail-lacquer.html,https://www.dior.com,Discover the new-generation Dior Vernis and its ingenious formula that plays up the gel effect.,,,nail_polish,[],2017-12-03T23:23:21.844Z,2017-12-23T20:58:59.148Z,http://makeup-api.herokuapp.com/api/v1/products/725.json,//s3.amazonaws.com/donovanbailey/products/api_featured_images/000/000/725/original/data?1514062739,"[{'hex_value': '#ED7C90', 'colour_name': '550 Tease'}, {'hex_value': '#EA508D', 'colour_name': '684 Diabolo'}, {'hex_value': '#481B2A', 'colour_name': '924 Sauvage'}]"
7,724,dior,"
                            Diabolo
                            ",20.0,£,GBP,https://www.dior.com/beauty/version-5.1432748111912/resize-image/ep/0/214/90/0/packshots%252FPDG_Y0003565_F002880684.jpg,https://www.dior.com/beauty/en_gb/fragrance-beauty/makeup/nails/nail-lacquers/pr-naillacquers-y0003565_f000355684-couture-colour-gel-shine-long-wear-nail-lacquer.html,https://www.dior.com,Discover the new-generation Dior Vernis and its ingenious formula that plays up the gel effect.,,,nail_polish,[],2017-12-03T23:23:21.228Z,2017-12-23T20:58:58.888Z,http://makeup-api.herokuapp.com/api/v1/products/724.json,//s3.amazonaws.com/donovanbailey/products/api_featured_images/000/000/724/original/data?1514062738,"[{'hex_value': '#ED7C90', 'colour_name': '550 Tease'}, {'hex_value': '#EA508D', 'colour_name': '684 Diabolo'}, {'hex_value': '#481B2A', 'colour_name': '924 Sauvage'}]"
8,723,dior,"
                            Tease
                            ",20.0,£,GBP,https://www.dior.com/beauty/version-5.1432748111912/resize-image/ep/0/214/90/0/packshots%252FPDG_Y0003565_F002880550.jpg,https://www.dior.com/beauty/en_gb/fragrance-beauty/makeup/nails/nail-lacquers/pr-naillacquers-y0003565_f000355550-couture-colour-gel-shine-long-wear-nail-lacquer.html,https://www.dior.com,Discover the new-generation Dior Vernis and its ingenious formula that plays up the gel effect.,,,nail_polish,[],2017-12-03T23:23:20.423Z,2017-12-23T20:58:58.761Z,http://makeup-api.herokuapp.com/api/v1/products/723.json,//s3.amazonaws.com/donovanbailey/products/api_featured_images/000/000/723/original/data?1514062738,"[{'hex_value': '#ED7C90', 'colour_name': '550 Tease'}, {'hex_value': '#EA508D', 'colour_name': '684 Diabolo'}, {'hex_value': '#481B2A', 'colour_name': '924 Sauvage'}]"
9,722,dior,"
                            Precious Rocks
                            ",20.5,£,GBP,https://www.dior.com/beauty/version-5.1432748111912/resize-image/ep/0/214/90/0/packshots%252FPDG_Y0002880_F000288001.jpg,https://www.dior.com/beauty/en_gb/fragrance-beauty/makeup/look-exclusives/precious-rocks-collection/pr-preciousrockslook-y0002880_f000288001-nail-liner-shine-precision.html,https://www.dior.com,"Diorific reveals a nail liner designed to decorate your nails like gemstones with festive shades. In one ultra-precise golden stroke, Dior Vernis Liner delivers a clear varnish strewn with gold, platinum, and silver glitter in various sizes, showering nails with countless little gems.",,,nail_polish,[],2017-12-03T23:23:19.614Z,2017-12-23T20:58:58.620Z,http://makeup-api.herokuapp.com/api/v1/products/722.json,//s3.amazonaws.com/donovanbailey/products/api_featured_images/000/000/722/original/data?1514062738,"[{'hex_value': '#CAAB54', 'colour_name': '001 Precious Rocks'}]"
10,721,dior,"
                            Amethyst
                            ",20.5,£,GBP,https://www.dior.com/beauty/version-5.1432748111912/resize-image/ep/0/214/90/0/packshots%252FPDG_Y0002986_F000298998.jpg,https://www.dior.com/beauty/en_gb/fragrance-beauty/makeup/look-exclusives/precious-rocks-collection/pr-preciousrockslook-y0002986_f000298998-couture-colour-gel-shine-long-wear.html,https://www.dior.com,"The sparkling, vibrant tones of Diorific Vernis nail polishes are modeled after precious stones.",,,nail_polish,[],2017-12-03T23:23:18.553Z,2017-12-23T20:58:58.443Z,http://makeup-api.herokuapp.com/api/v1/products/721.json,//s3.amazonaws.com/donovanbailey/products/api_featured_images/000/000/721/original/data?1514062738,"[{'hex_value': '#BC2D48', 'colour_name': '673 Ruby'}, {'hex_value': '#970530', 'colour_name': '745 Grenat'}, {'hex_value': '#006D66', 'colour_name': '809 Emerald'}, {'hex_value': '#511B38', 'colour_name': '998 Amethyst'}]"
11,720,dior,"
                            Emerald
                            ",20.5,£,GBP,https://www.dior.com/beauty/version-5.1432748111912/resize-image/ep/0/214/90/0/packshots%252FPDG_Y0002986_F000298809.jpg,https://www.dior.com/beauty/en_gb/fragrance-beauty/makeup/look-exclusives/precious-rocks-collection/pr-preciousrockslook-y0002986_f000298809-couture-colour-gel-shine-long-wear.html,https://www.dior.com,"The sparkling, vibrant tones of Diorific Vernis nail polishes are modeled after precious stones.",,,nail_polish,[],2017-12-03T23:23:17.565Z,2017-12-23T20:58:58.230Z,http://makeup-api.herokuapp.com/api/v1/products/720.json,//s3.amazonaws.com/donovanbailey/products/api_featured_images/000/000/720/original/data?1514062738,"[{'hex_value': '#BC2D48', 'colour_name': '673 Ruby'}, {'hex_value': '#970530', 'colour_name': '745 Grenat'}, {'hex_value': '#006D66', 'colour_name': '809 Emerald'}, {'hex_value': '#511B38', 'colour_name': '998 Amethyst'}]"
12,719,dior,"
                            Grenat
                            ",0.0,£,GBP,https://www.dior.com/beauty/version-5.1432748111912/resize-image/ep/0/214/90/0/packshots%252FPDG_Y0002986_F000298745.jpg,https://www.dior.com/beauty/en_gb/fragrance-beauty/makeup/look-exclusives/precious-rocks-collection/pr-preciousrockslook-y0002986_f000298745-couture-colour-gel-shine-long-wear.html,https://www.dior.com,"The sparkling, vibrant tones of Diorific Vernis nail polishes are modeled after precious stones.",,,nail_polish,[],2017-12-03T23:23:16.306Z,2017-12-23T20:58:57.984Z,http://makeup-api.herokuapp.com/api/v1/products/719.json,//s3.amazonaws.com/donovanbailey/products/api_featured_images/000/000/719/original/data?1514062737,"[{'hex_value': '#BC2D48', 'colour_name': '673 Ruby'}, {'hex_value': '#970530', 'colour_name': '745 Grenat'}, {'hex_value': '#006D66', 'colour_name': '809 Emerald'}, {'hex_value': '#511B38', 'colour_name': '998 Amethyst'}]"
13,718,dior,"
                            Ruby
                            ",20.5,£,GBP,https://www.dior.com/beauty/version-5.1432748111912/resize-image/ep/0/214/90/0/packshots%252FPDG_Y0002986_F000298673.jpg,https://www.dior.com/beauty/en_gb/fragrance-beauty/makeup/look-exclusives/precious-rocks-collection/pr-preciousrockslook-y0002986_f000298673-couture-colour-gel-shine-long-wear.html,https://www.dior.com,"The sparkling, vibrant tones of Diorific Vernis nail polishes are modeled after precious stones.",,,nail_polish,[],2017-12-03T23:23:15.101Z,2017-12-23T20:58:57.852Z,http://makeup-api.herokuapp.com/api/v1/products/718.json,//s3.amazonaws.com/donovanbailey/products/api_featured_images/000/000/718/original/data?1514062737,"[{'hex_value': '#BC2D48', 'colour_name': '673 Ruby'}, {'hex_value': '#970530', 'colour_name': '745 Grenat'}, {'hex_value': '#006D66', 'colour_name': '809 Emerald'}, {'hex_value': '#511B38', 'colour_name': '998 Amethyst'}]"
14,168,moov,Moov Cosmetics St. Tropez Collection,14.99,,,"https://d3t32hsnjxo7q6.cloudfront.net/i/f426b2e2e9ff8e01788a0947aad93512_ra,w158,h184_pa,w158,h184.jpg",https://well.ca/products/moov-cosmetics-st-tropez-collection_116031.html,https://well.ca,"The Moov Cosmetics St. Tropez Collection is a vegan nail colour that is perfect collection of shades that will take you from day to day.Features:VeganLonger lasting wearCreamy applicationDirections: Apply two coats, best results with Moov 2-in-1 Prime & Prep application.Ingredients: Butyl Acetate, Ethyl Acetate, Nitrocellulose, Adipic Acid/Neopentyl, Gloycol/Trimellitic Anhydride, Copolymer, Tributyl Citrate, Isopropyl Alcohol, Strearalkonium Bentonite, Acrylates Copolymer, Silica,Benzophenone-1, Trimethylpentanediyl DibenzoateNatural, Vegan, Gluten Free, Fair Trade, Sugar Free, Non-GMO, Dairy Free",,,nail_polish,"['Natural', 'Vegan', 'Gluten Free', 'Fair Trade', 'Sugar Free', 'Non-GMO', 'Dairy Free', 'Canadian']",2016-10-01T18:27:39.741Z,2017-12-23T20:51:13.564Z,http://makeup-api.herokuapp.com/api/v1/products/168.json,//s3.amazonaws.com/donovanbailey/products/api_featured_images/000/000/168/original/data?1514062273,"[{'hex_value': '#DAC3B1', 'colour_name': 'Lace Camisole '}]"
15,167,anna sui,Anna Sui Nail Colour,15.0,,,"https://d3t32hsnjxo7q6.cloudfront.net/i/eea60b0c4f3b6539c1573415a610230d_ra,w158,h184_pa,w158,h184.jpg",https://well.ca/products/anna-sui-nail-colour_115246.html,https://well.ca,"This Anna Sui Nail Colour is available in an array of fashion-forward colours and textures.  This dazzling nail colour is long lasting and luxurious and has a delicate Tea Rose scent. Directions: Apply a clear base coat. Start right in the centre of the nail, then apply on the two sides of the nails.  Make sure that the entire nail is covered in these 3 swipes.  Let the base coat dry completely.  Once base coat has dried apply the colour of your choice in a similar fashion: first on the centre of the nail and then on the sides.  Once dry, apply a top coat.",,,nail_polish,[],2016-10-01T18:27:37.684Z,2017-12-23T20:51:13.461Z,http://makeup-api.herokuapp.com/api/v1/products/167.json,//s3.amazonaws.com/donovanbailey/products/api_featured_images/000/000/167/original/data?1514062273,"[{'hex_value': '#ED8553', 'colour_name': 'Shiny Orange Glitter (604) '}, {'hex_value': '#C7C7C7', 'colour_name': 'Metallic Silver Glitter (004) '}, {'hex_value': '#E1C99D', 'colour_name': 'Metallic Gold Glitter (802) '}, {'hex_value': '#FD76BA', 'colour_name': 'Shiny Pink Glitter (308) '}, {'hex_value': '#CEBCD2', 'colour_name': 'Shell Pink Shimmer (302) '}, {'hex_value': '#828F98', 'colour_name': 'Celadon Grey Shimmer (008) '}, {'hex_value': '#F69082', 'colour_name': 'Mango Spice Shimmer (305) '}, {'hex_value': '#D9BAA7', 'colour_name': 'Gold Beige Shimmer (700) '}, {'hex_value': '#85C3AE', 'colour_name': 'Deco Blue  Shimmer (101) '}, {'hex_value': '#F3AC9E', 'colour_name': 'Pink Flamingo Shimmer (304) '}, {'hex_value': '#FEA57B', 'colour_name': 'Apricot Matte (601) '}, {'hex_value': '#F09891', 'colour_name': 'Rose Red Matte (306) '}, {'hex_value': '#E6C745', 'colour_name': 'Sugared Lemon Matte (801) '}, {'hex_value': '#DCE1E7', 'colour_name': 'Silver White Matte (003) '}, {'hex_value': '#0380B6', 'colour_name': 'Ink Blue Matte (103) '}, {'hex_value': '#F55B67', 'colour_name': 'Vivid Pink Non Pearl (311) '}, {'hex_value': '#B3060C', 'colour_name': 'Anna Red Non Pearl (400) '}, {'hex_value': '#622A81', 'colour_name': 'Royal Purple Non Pearl (202) '}, {'hex_value': '#DBAA82', 'colour_name': 'Biscuit Non Pearl (701) '}, {'hex_value': '#887C7C', 'colour_name': 'Rose Grey Non Pearl (007) '}, {'hex_value': '#EFAAA3', 'colour_name': 'Sweet Pink Non Pearl (303) '}, {'hex_value': '#F35973', 'colour_name': 'Neon Pink Non Pearl (310) '}, {'hex_value': '#B185B8', 'colour_name': 'Orchid Non Pearl (201) '}, {'hex_value': '#F1F1E7', 'colour_name': 'Off White Non Pearl (001) '}, {'hex_value': '#060606', 'colour_name': 'Stark Black Non Pearl (009) '}, {'hex_value': '#004318', 'colour_name': 'Empire Green Non Pearl (903) '}, {'hex_value': '#ECD888', 'colour_name': 'Lemon Yellow Non Pearl (800) '}, {'hex_value': '#F25834', 'colour_name': 'Valencia Non Pearl (603) '}, {'hex_value': '#F58786', 'colour_name': 'Tiger Lily Non Pearl (602) '}]"
16,166,l'oreal,L'Oreal Infallible Nail Polish in Always a Lady,10.99,,,"https://d3t32hsnjxo7q6.cloudfront.net/i/5c2071e6bcb6457ea57fcf3725e2aa92_ra,w158,h184_pa,w158,h184.jpg",https://well.ca/products/loreal-infallible-nail-polish-in_102199.html,https://well.ca,"L'Oreal Infallible Nail Polish gives you fantastic gel-like nail colour with a tinted top coat to match!This Infallible nail polish has an exclusive hybrid combo of silicone and Flex-Resin™ that 
interact with one another to create a unique matrix. The formulas are a 
combination of film forming polymer, gellifying agents and crystal 
copolymer designed to bring durability, adhesion to nail and brilliant 
shine. Provides a smooth, plump, spectacular gel shine manicure that 
lasts.Features: Up to 12-day wear
Spectacular gel shine
Matching tinted top coat
No nail damage
Easy to remove",,,nail_polish,[],2016-10-01T18:27:36.487Z,2017-12-23T20:51:13.218Z,http://makeup-api.herokuapp.com/api/v1/products/166.json,//s3.amazonaws.com/donovanbailey/products/api_featured_images/000/000/166/original/data?1514062273,[]
17,165,moov,Moov Cosmetics Caribbean Wedding Collection,14.99,,,"https://d3t32hsnjxo7q6.cloudfront.net/i/678f91758b7a611d673124f7ad1f00d0_ra,w158,h184_pa,w158,h184.jpg",https://well.ca/products/moov-cosmetics-caribbean-wedding_116039.html,https://well.ca,"The Moov Cosmetics Caribbean Wedding Collection is a vegan nail colour that has the perfect soft pastel shades for that romantic getaway.Features:VeganLonger lasting wearCreamy applicationDirections: Apply two coats, best results with Moov 2-in-1 Prime & Prep application.Ingredients: Butyl Acetate, Ethyl Acetate, Nitrocellulose, Adipic Acid/Neopentyl, Gloycol/Trimellitic Anhydride, Copolymer, Tributyl Citrate, Isopropyl Alcohol, Strearalkonium Bentonite, Acrylates Copolymer, Silica,Benzophenone-1, Trimethylpentanediyl DibenzoateNatural, Vegan, Gluten Free, Fair Trade, Sugar Free, Non-GMO, Dairy Free",2.0,,nail_polish,"['Natural', 'Vegan', 'Gluten Free', 'Fair Trade', 'Sugar Free', 'Non-GMO', 'Dairy Free', 'Canadian']",2016-10-01T18:27:34.994Z,2017-12-23T20:51:13.105Z,http://makeup-api.herokuapp.com/api/v1/products/165.json,//s3.amazonaws.com/donovanbailey/products/api_featured_images/000/000/165/original/data?1514062273,"[{'hex_value': '#E4A993', 'colour_name': 'Blush Bouquet '}, {'hex_value': '#DDA4B3', 'colour_name': 'I Do '}, {'hex_value': '#967971', 'colour_name': 'On One Knee '}]"
18,164,l'oreal,L'Oreal Infallible Nail Polish in Iconic Indigo ,10.99,,,"https://d3t32hsnjxo7q6.cloudfront.net/i/23d8770e2765d0ecd6faf613e5817cea_ra,w158,h184_pa,w158,h184.jpg",https://well.ca/products/loreal-infallible-nail-polish-in_102187.html,https://well.ca,"L'Oreal Infallible Nail Polish gives you fantastic gel-like nail colour with a tinted top coat to match!This Infallible nail polish has an exclusive hybrid combo of silicone and Flex-Resin™ that 
interact with one another to create a unique matrix. The formulas are a 
combination of film forming polymer, gellifying agents and crystal 
copolymer designed to bring durability, adhesion to nail and brilliant 
shine. Provides a smooth, plump, spectacular gel shine manicure that 
lasts.Features: Up to 12-day wear
Spectacular gel shine
Matching tinted top coat
No nail damage
Easy to remove",,,nail_polish,[],2016-10-01T18:27:33.744Z,2017-12-23T20:51:12.225Z,http://makeup-api.herokuapp.com/api/v1/products/164.json,//s3.amazonaws.com/donovanbailey/products/api_featured_images/000/000/164/original/data?1514062272,[]
19,162,l'oreal,L'Oreal Infallible Nail Polish in Ocean Infini,10.99,,,"https://d3t32hsnjxo7q6.cloudfront.net/i/b90ec1716dfb0c840e32da08d95acc7d_ra,w158,h184_pa,w158,h184.jpg",https://well.ca/products/loreal-infallible-nail-polish-in_102191.html,https://well.ca,"L'Oreal Infallible Nail Polish gives you fantastic gel-like nail colour with a tinted top coat to match!This Infallible nail polish has an exclusive hybrid combo of silicone and Flex-Resin™ that 
interact with one another to create a unique matrix. The formulas are a 
combination of film forming polymer, gellifying agents and crystal 
copolymer designed to bring durability, adhesion to nail and brilliant 
shine. Provides a smooth, plump, spectacular gel shine manicure that 
lasts.Features: Up to 12-day wear
Spectacular gel shine
Matching tinted top coat
No nail damage
Easy to remove",,,nail_polish,[],2016-10-01T18:27:28.434Z,2017-12-23T20:51:12.101Z,http://makeup-api.herokuapp.com/api/v1/products/162.json,//s3.amazonaws.com/donovanbailey/products/api_featured_images/000/000/162/original/data?1514062272,[]
20,161,misa,Misa Nail Laquer,9.39,,,"https://d3t32hsnjxo7q6.cloudfront.net/i/a0e2af7b4c21ab132512dba3483d35de_ra,w158,h184_pa,w158,h184.jpeg",https://well.ca/products/misa-nail-laquer_50188.html,https://well.ca,"Misa's original nail lacquer formula was developed to meet the product requirements of demanding nail technicians. Each lacquer is properly balanced with resin, plasticizer and nitrocellulose to provide a durable film that offers high gloss, exceptional wear and maximum protection for the nail.The lacquers provide durability for the ultimate in chip-free results, with each lacquer offering a carefully balanced blend of film formers that are not adversely affected when exposed to water or detergents. The formula is nonfading with lasting color fidelity over time, as the use of UV absorbers helps maintain the true colors. The lacquers maintain an excellent shelf life, with a formula that prevents pigment migration, striation, settling and syneresis over longer periods of time than most other nail enamel formulas. And, as we guarantee, the chip-resistant polishes promise superior wear and exceptional gloss retention, while helping to condition, protect, strengthen and reinforce the natural nail.",5.0,,nail_polish,['Vegan'],2016-10-01T18:27:27.227Z,2017-12-23T20:51:12.512Z,http://makeup-api.herokuapp.com/api/v1/products/161.json,//s3.amazonaws.com/donovanbailey/products/api_featured_images/000/000/161/original/data?1514062272,"[{'hex_value': '#D5A026', 'colour_name': 'Under My Sunbrella '}, {'hex_value': '#7B113A', 'colour_name': 'Summer Love '}, {'hex_value': '#104F8D', 'colour_name': 'Mermaid Dreams '}, {'hex_value': '#CA6527', 'colour_name': 'Endless Keys '}, {'hex_value': '#EB4843', 'colour_name': 'Bop Till You Drop '}, {'hex_value': '#93C0A9', 'colour_name': 'Catch A Flick '}, {'hex_value': '#DE8FA4', 'colour_name': 'Go For The Pinks '}, {'hex_value': '#D4D5B6', 'colour_name': 'Got It Made in the Shade '}, {'hex_value': '#DCA29E', 'colour_name': 'Pop The Clutch '}, {'hex_value': '#3DAC81', 'colour_name': 'Blame It On Fat Tuesday '}, {'hex_value': '#ECE95E', 'colour_name': 'Jester Ate the King Cake '}, {'hex_value': '#EE3794', 'colour_name': 'Party In the Masquerade '}, {'hex_value': '#584D97', 'colour_name': 'Throw Me Something Purple Please '}]"
21,158,l'oreal,L'Oreal Infallible Nail Polish in Petale Revival,10.99,,,"https://d3t32hsnjxo7q6.cloudfront.net/i/8bfba92993344fec7c4179ddd74ddde4_ra,w158,h184_pa,w158,h184.jpg",https://well.ca/products/loreal-infallible-nail-polish-in_102197.html,https://well.ca,"L'Oreal Infallible Nail Polish gives you fantastic gel-like nail colour with a tinted top coat to match!This Infallible nail polish has an exclusive hybrid combo of silicone and Flex-Resin™ that 
interact with one another to create a unique matrix. The formulas are a 
combination of film forming polymer, gellifying agents and crystal 
copolymer designed to bring durability, adhesion to nail and brilliant 
shine. Provides a smooth, plump, spectacular gel shine manicure that 
lasts.Features: Up to 12-day wear
Spectacular gel shine
Matching tinted top coat
No nail damage
Easy to remove",5.0,,nail_polish,[],2016-10-01T18:27:23.267Z,2017-12-23T20:51:11.543Z,http://makeup-api.herokuapp.com/api/v1/products/158.json,//s3.amazonaws.com/donovanbailey/products/api_featured_images/000/000/158/original/data?1514062271,[]
22,157,salon perfect,Salon Perfect Nail Lacquer ,6.99,,,"https://d3t32hsnjxo7q6.cloudfront.net/i/345fc4da3d9055f3742272714aace73b_ra,w158,h184_pa,w158,h184.png",https://well.ca/products/salon-perfect-nail-lacquer_114045.html,https://well.ca,"Salon Perfect Nail Lacquer has a color for every occasion. Dress up your nails with 32 core shades, limited edition collections, and specialty top coats. These professional, salon-tested formulas come in long-wearing cremes, shimmers, glitters, metallics, neons and top coats.Features:Fashion-forward colorsLong-lasting professional formulas1 Coat Coverage Brush 3 Free FormulaDirections: Trim & File Nails. Push Cuticles Back. Clean Nails. Apply One Thin Coat of Nail Polish (wait 1-2 minutes for dry). Apply 2-3 Additional Thin Coats (to preferred coverage).",,,nail_polish,[],2016-10-01T18:27:21.521Z,2017-12-23T20:51:11.247Z,http://makeup-api.herokuapp.com/api/v1/products/157.json,//s3.amazonaws.com/donovanbailey/products/api_featured_images/000/000/157/original/open-uri20171223-4-35bkx?1514062271,"[{'hex_value': '#3E0D70', 'colour_name': 'A Royal Affair  '}, {'hex_value': '#0B8EA7', 'colour_name': 'Bermuda Baby  '}, {'hex_value': '#96A8B4', 'colour_name': 'Cold As Ice '}, {'hex_value': '#A57B88', 'colour_name': 'Cosmic Dust (Top Coat)  '}, {'hex_value': '#521419', 'colour_name': 'Fiesty Fishnet '}, {'hex_value': '#F12BB8', 'colour_name': 'Fired Up Fuchsia  '}, {'hex_value': '#F37B6B', 'colour_name': 'Flamingo Flair  '}, {'hex_value': '#F16293', 'colour_name': 'Foxy Lady  '}, {'hex_value': '#E3B2A4', 'colour_name': 'Georgia Peach '}, {'hex_value': '#967D50', 'colour_name': 'Gold Leaf  '}, {'hex_value': '#058B72', 'colour_name': 'Gone Sailing  '}, {'hex_value': '#FE3A68', 'colour_name': 'Haute Pink  '}, {'hex_value': '#730118', 'colour_name': ""He's With Me! ""}, {'hex_value': '#837E9A', 'colour_name': 'Lilacking Control  '}, {'hex_value': '#02E72D', 'colour_name': 'Loopy Lime '}, {'hex_value': '#93B592', 'colour_name': 'Mint Julep  '}, {'hex_value': '#B1ADA9', 'colour_name': 'Mother of Pearl (Top Coat)  '}, {'hex_value': '#131315', 'colour_name': 'Oil Slick  '}, {'hex_value': '#BB687A', 'colour_name': 'Pearlie Pink  '}, {'hex_value': '#EF4EA4', 'colour_name': 'Perky Pink  '}, {'hex_value': '#AC0173', 'colour_name': 'Plum Sorbet '}, {'hex_value': '#E2B7BF', 'colour_name': 'Put A Ring On It  '}, {'hex_value': '#7450A7', 'colour_name': 'Razzle Dazzle  '}, {'hex_value': '#8BA85C', 'colour_name': ""Ruby's Cubes (Top Coat)  ""}, {'hex_value': '#C70F14', 'colour_name': 'Salsa Dance '}, {'hex_value': '#81437B', 'colour_name': 'Shocked '}, {'hex_value': '#295D92', 'colour_name': 'Star Light, Star Bright  '}, {'hex_value': '#F5F5F6', 'colour_name': 'Sugar Cube  '}, {'hex_value': '#F2769B', 'colour_name': 'Tickled Pink  '}, {'hex_value': '#989EA5', 'colour_name': 'Titanium  '}, {'hex_value': '#ECFA05', 'colour_name': 'Yowza Yellow '}]"
23,156,moov,Moov Cosmetics Home Grown Canuck Collection,14.99,,,"https://d3t32hsnjxo7q6.cloudfront.net/i/65ca894afba3c4351a3db71c24234c50_ra,w158,h184_pa,w158,h184.jpg",https://well.ca/products/moov-cosmetics-home-grown-canuck_116061.html,https://well.ca,"The Moov Cosmetics Home Grown Canuck Collection is a vegan nail colour that has a fun representation of shades from East to West.Features:VeganLonger lasting wearCreamy applicationDirections: Apply two coats, best results with Moov 2-in-1 Prime & Prep application.Ingredients: Butyl Acetate, Ethyl Acetate, Nitrocellulose, Adipic Acid/Neopentyl, Gloycol/Trimellitic Anhydride, Copolymer, Tributyl Citrate, Isopropyl Alcohol, Strearalkonium Bentonite, Acrylates Copolymer, Silica,Benzophenone-1, Trimethylpentanediyl DibenzoateNatural, Vegan, Gluten Free, Fair Trade, Sugar Free, Non-GMO, Dairy Free",3.0,,nail_polish,"['Natural', 'Vegan', 'Gluten Free', 'Fair Trade', 'Sugar Free', 'Non-GMO', 'Dairy Free', 'Canadian']",2016-10-01T18:27:19.853Z,2017-12-23T20:51:11.135Z,http://makeup-api.herokuapp.com/api/v1/products/156.json,//s3.amazonaws.com/donovanbailey/products/api_featured_images/000/000/156/original/data?1514062271,"[{'hex_value': '#251414', 'colour_name': 'Deep Creek '}, {'hex_value': '#521B3E', 'colour_name': 'Canadian Wildberries '}, {'hex_value': '#A99483', 'colour_name': 'Double Double '}, {'hex_value': '#C4658F', 'colour_name': 'Lunching In Yorkville '}, {'hex_value': '#8C0002', 'colour_name': 'True North '}]"
24,154,l'oreal,L'Oreal Infallible Nail Polish in Irresistible Bonbon,10.99,,,"https://d3t32hsnjxo7q6.cloudfront.net/i/69ca8bd686b0c24e44a2033f4aacf035_ra,w158,h184_pa,w158,h184.jpg",https://well.ca/products/loreal-infallible-nail-polish-in_102190.html,https://well.ca,"L'Oreal Infallible Nail Polish gives you fantastic gel-like nail colour with a tinted top coat to match!This Infallible nail polish has an exclusive hybrid combo of silicone and Flex-Resin™ that 
interact with one another to create a unique matrix. The formulas are a 
combination of film forming polymer, gellifying agents and crystal 
copolymer designed to bring durability, adhesion to nail and brilliant 
shine. Provides a smooth, plump, spectacular gel shine manicure that 
lasts.Features: Up to 12-day wear
Spectacular gel shine
Matching tinted top coat
No nail damage
Easy to remove",,,nail_polish,[],2016-10-01T18:27:15.795Z,2017-12-23T20:51:10.631Z,http://makeup-api.herokuapp.com/api/v1/products/154.json,//s3.amazonaws.com/donovanbailey/products/api_featured_images/000/000/154/original/data?1514062270,[]
25,153,orly,Orly EPIX Flexible Sealcoat,13.49,,,"https://d3t32hsnjxo7q6.cloudfront.net/i/648283e42d7fafb7c03e8c60274cd5e0_ra,w158,h184_pa,w158,h184.png",https://well.ca/products/orly-epix-flexible-sealcoat_106342.html?cat=678,https://well.ca,"Orly introduces the next big thing in the industry. EPIX Flexible Color is a 2 step manicure system that has a long wearing formula with smudge-fixing technology.Features:Dries faster - in less than 8 minutesLasts longer - over a weekInnovative Smudge-Fixing Technology allows the formula to remain elastic and flex with the nail, making smudges and chips a thing of the pastApplies easily and removes like a polishNew Custom 600 Bristle Count Brush Technology and Gripper Cap provide precise application and even coverage on the nailDelivers a high shine finishHow Does it Work?Step 1 Flexible Colour: Begin by performing a dry manicure. Lightly buff nails and clean nail surface with alcohol.  Apply an even coat of EPIX Flexible Color to all ten nails.  Apply a second coat for full coverageStep 2 Flexible Sealcoat: Finish with 1 coat of EPIX Flexible Sealcoat to seal in color and shine.  For extended wear, reapply Sealcoat after three days.* Smudges will continue to self-repair until the Flexible Color is fully dry.",5.0,,nail_polish,[],2016-10-01T18:27:14.218Z,2017-12-23T20:51:10.492Z,http://makeup-api.herokuapp.com/api/v1/products/153.json,//s3.amazonaws.com/donovanbailey/products/api_featured_images/000/000/153/original/open-uri20171223-4-snvley?1514062270,[]
26,151,orly,Orly Nail Lacquer,8.0,,,"https://d3t32hsnjxo7q6.cloudfront.net/i/65bd0249fe43da8261d6f0b5f78b1826_ra,w158,h184_pa,w158,h184.jpeg",https://well.ca/products/orly-nail-lacquer_61017.html,https://well.ca,"As one of the nail care industry's renowned color houses Orly has established a dynamic palette composed 
of subtle sheers, vivid crèmes, dazzling shimmers, smooth glitters and 
hot neons! Plus, each ORLY lacquer is free of DBP, Toluene, Formaldehyde
 and features Orly's award-winning Gripper Cap.",,,nail_polish,[],2016-10-01T18:27:00.769Z,2017-12-23T20:51:09.665Z,http://makeup-api.herokuapp.com/api/v1/products/151.json,//s3.amazonaws.com/donovanbailey/products/api_featured_images/000/000/151/original/data?1514062269,"[{'hex_value': '#e63350', 'colour_name': 'Butterflies (40673) '}, {'hex_value': '#e21d4b', 'colour_name': 'Lola (40660) '}, {'hex_value': '#da3778', 'colour_name': 'Oh Cabana Boy (40466) '}, {'hex_value': '#e11936', 'colour_name': 'Terracota (40071) '}]"
27,149,orly,Orly EPIX Flexible Color ,13.49,,,"https://d3t32hsnjxo7q6.cloudfront.net/i/27739f49c78555db95538d22383f4da2_ra,w158,h184_pa,w158,h184.png",https://well.ca/products/orly-epix-flexible-color_106334.html,https://well.ca,"Orly introduces the next big thing in the industry. EPIX Flexible Color is a 2 step manicure system that has a long wearing formula with smudge-fixing technology.Features:Dries faster - in less than 8 minutesLasts longer - over a weekInnovative Smudge-Fixing Technology allows the formula to remain elastic and flex with the nail, making smudges and chips a thing of the pastApplies easily and removes like a polishNew Custom 600 Bristle Count Brush Technology and Gripper Cap provide precise application and even coverage on the nailDelivers a high shine finishHow Does it Work?Step 1 Flexible Colour: Begin by performing a dry manicure. Lightly buff nails and clean nail surface with alcohol.  Apply an even coat of EPIX Flexible Color to all ten nails.  Apply a second coat for full coverage.Step 2 Flexible Sealcoat: Finish with 1 coat of EPIX Flexible Sealcoat to seal in color and shine.  For extended wear, reapply Sealcoat after three days.* Smudges will continue to self-repair until the Flexible Color is fully dry.",3.0,,nail_polish,[],2016-10-01T18:26:55.585Z,2017-12-23T20:51:09.089Z,http://makeup-api.herokuapp.com/api/v1/products/149.json,//s3.amazonaws.com/donovanbailey/products/api_featured_images/000/000/149/original/open-uri20171223-4-3bd28i?1514062268,"[{'hex_value': '#410211', 'colour_name': 'Acceptance Speech  '}, {'hex_value': '#DF036D', 'colour_name': 'Backlit  '}, {'hex_value': '#020202', 'colour_name': 'Blacklist  '}, {'hex_value': '#AD0248', 'colour_name': 'Box Office Smash  '}, {'hex_value': '#80ADB3', 'colour_name': 'Cameo '}, {'hex_value': '#51010E', 'colour_name': 'Casablanca '}, {'hex_value': '#F78963', 'colour_name': 'Casting Couch  '}, {'hex_value': '#152B77', 'colour_name': 'Cinematic  '}, {'hex_value': '#0061BF', 'colour_name': 'Cliffhanger  '}, {'hex_value': '#A00260', 'colour_name': 'End Scene  '}, {'hex_value': '#007E85', 'colour_name': 'Green Screen  '}, {'hex_value': '#FF2784', 'colour_name': 'Headliner  '}, {'hex_value': '#5D0016', 'colour_name': 'Iconic  '}, {'hex_value': '#C60C21', 'colour_name': 'Improv  '}, {'hex_value': '#AD4564', 'colour_name': 'Intermission  '}, {'hex_value': '#713A48', 'colour_name': 'Leading Lady  '}, {'hex_value': '#071485', 'colour_name': 'Melodrama  '}, {'hex_value': '#9F1626', 'colour_name': 'Nominee '}, {'hex_value': '#640101', 'colour_name': 'Opening Night  '}, {'hex_value': '#EC4697', 'colour_name': 'Out-Take  '}, {'hex_value': '#F7F6F6', 'colour_name': 'Overexposed '}, {'hex_value': '#EB1B03', 'colour_name': 'Preview  '}, {'hex_value': '#423D38', 'colour_name': 'Silver Screen  '}, {'hex_value': '#C39561', 'colour_name': 'Special Effects '}, {'hex_value': '#F51D04', 'colour_name': 'Spoiler Alert  '}, {'hex_value': '#9A0C2F', 'colour_name': 'Star Treatment  '}, {'hex_value': '#AC1B82', 'colour_name': 'The Industry  '}, {'hex_value': '#B0A07F', 'colour_name': 'Tinseltown  '}, {'hex_value': '#ED4696', 'colour_name': 'Triple Threat  '}]"
28,148,orly,Orly Nail Lacquer ,8.0,,,"https://d3t32hsnjxo7q6.cloudfront.net/i/4e761b6e77b356384470b15229b31023_ra,w158,h184_pa,w158,h184.jpeg",https://well.ca/products/orly-nail-lacquer_61019.html,https://well.ca,"As one of the nail care industry's renowned color houses Orly has established a dynamic palette composed 
of subtle sheers, vivid crèmes, dazzling shimmers, smooth glitters and 
hot neons! Plus, each ORLY lacquer is free of DBP, Toluene, Formaldehyde
 and features Orly's award-winning Gripper Cap.",3.0,,nail_polish,[],2016-10-01T18:26:54.223Z,2017-12-23T20:51:09.765Z,http://makeup-api.herokuapp.com/api/v1/products/148.json,//s3.amazonaws.com/donovanbailey/products/api_featured_images/000/000/148/original/data?1514062269,"[{'hex_value': '#55413a', 'colour_name': 'Prince Charming (40715) '}, {'hex_value': '#401e14', 'colour_name': 'Hot Chocolate (40719) '}, {'hex_value': '#171916', 'colour_name': 'Goth (40637) '}, {'hex_value': '#db0930', 'colour_name': ""Monroe's Red (40052) ""}, {'hex_value': '#6c1657', 'colour_name': 'Gorgeous (40131) '}, {'hex_value': '#681364', 'colour_name': 'Purple Crush (40464) '}, {'hex_value': '#631232', 'colour_name': 'Forever Crimson (40041) '}, {'hex_value': '#591129', 'colour_name': 'Ruby (40363) '}, {'hex_value': '#581328', 'colour_name': 'Bus Stop Crimson (40087) '}, {'hex_value': '#241518', 'colour_name': 'Vixen (40653) '}]"
29,147,wet n wild,Wet n Wild Wild Shine Nail Colour ,1.99,,,"https://d3t32hsnjxo7q6.cloudfront.net/i/6f53a1fba843dde57271decf3b5c7ad0_ra,w158,h184_pa,w158,h184.png",https://well.ca/products/wet-n-wild-wild-shine-nail-colour_114017.html,https://well.ca,"Wet n Wild's claim to fame! This brand was launched in 1979 with this epic nail polish and it is one of their top-sellers. Why? Here’s what we think: not only are they just straight up awesome, but we’ve got every color, texture, and effect that you can possibly think of: creams, metallics, glitters, you name it! After decades of these flying off the shelves, they're pretty sure you already have a couple stashed away, but with so many colors, you can always add a new one – or double up! Everyone we talk to agrees—this is simply the best nail polish brand out there.Features:Purse Pride! New improved formula and packaging!High-shine finish in every color imaginable!3-Free: No Formaldehyde, Toluene, or PhthalatesStill the #1 selling nail polish in the market!Ingredients: Butyl Acetate, Ethyl Acetate, Nitrocellulose, Tosylamide/Epoxy Resin, Acetyl Tributyl Citrate, Isopropyl Alcohol, Triphenyl Phosphate, Stearalkonium Bentonite, Phthalic Anhydride/Trimellitic Anhydride/Glycols Copolymer, Silica, Etocrylene, Diacetone Alcohol, Trimethylpentanediyl Dibenzoate, Alumina, Titanium Dioxide/CI 77891 ",5.0,,nail_polish,[],2016-10-01T18:26:52.938Z,2017-12-23T20:51:08.840Z,http://makeup-api.herokuapp.com/api/v1/products/147.json,//s3.amazonaws.com/donovanbailey/products/api_featured_images/000/000/147/original/open-uri20171223-4-15noy9x?1514062268,"[{'hex_value': '#017F8D', 'colour_name': 'Be More Pacific  '}, {'hex_value': '#272727', 'colour_name': 'Black Creme '}]"
30,146,maybelline,Maybelline Color Show Nail Lacquer Jewels ,4.49,,,"https://d3t32hsnjxo7q6.cloudfront.net/i/f6239cbcd84fa838c461f020b86924aa_ra,w158,h184_pa,w158,h184.png",https://well.ca/products/maybelline-color-show-nail-lacquer_96730.html,https://well.ca,"Maybelline Color Show Nail Lacquer Jewels collection features jeweled nail lacquer top coats straight from the shows!Features:Adorns your nails with textured gem effectsTrendy top coat nail art designsEasy-flow brushFormaldehyde, DBP and Toluene freeShade Range: (left to right: Mosaic Prism, Platinum Adorn)For Best Results:First apply a clear base coat to prevent your nails from yellowing and to help your nail color last longer. Choose a base shade and with one sweep, paint the first line of nail polish up the center of your nail starting from the base to the tip.For the cleanest look, be sure to leave a small space at the base of the nail. Then apply nail color to the rest of the nail. Pick your textured top coat and paint over your base shade for a street styled nail art look.",3.0,,nail_polish,[],2016-10-01T18:26:51.778Z,2017-12-23T20:51:08.631Z,http://makeup-api.herokuapp.com/api/v1/products/146.json,//s3.amazonaws.com/donovanbailey/products/api_featured_images/000/000/146/original/open-uri20171223-4-fnr4hp?1514062268,[]
31,145,maybelline,Maybelline Color Show Nail Lacquer Veils ,4.49,,,"https://d3t32hsnjxo7q6.cloudfront.net/i/64cbcfbd001435c3abc3d8f77c16a0bf_ra,w158,h184_pa,w158,h184.png",https://well.ca/products/maybelline-color-show-nail-lacquer_96731.html,https://well.ca,"Maybelline Color Show Nail Lacquer Veils collection gives you subtle shimmers to refined glitters in colours straight from the shows!Features:Trendy top coat nail art designsEasy-flow brushFormaldehyde, DBP and Toluene freeShade Range: (left to right: Amethyst Aura, Rose Mirage, Crystal Disguise)For Best Results:First
 apply a clear base coat to prevent your nails from yellowing and to 
help your nail color last longer. Choose a base shade and with one 
sweep, paint the first line of nail polish up the center of your nail 
starting from the base to the tip.For the cleanest look, be sure
 to leave a small space at the base of the nail. Then apply nail color 
to the rest of the nail. Pick your textured top coat and paint over your
 base shade for a street styled nail art look.",4.0,,nail_polish,[],2016-10-01T18:26:50.448Z,2017-12-23T20:51:08.413Z,http://makeup-api.herokuapp.com/api/v1/products/145.json,//s3.amazonaws.com/donovanbailey/products/api_featured_images/000/000/145/original/open-uri20171223-4-1a63bxt?1514062268,"[{'hex_value': '#394674', 'colour_name': 'Amethyst Aura '}]"
32,144,pacifica,Pacifica 7 Free Nail Polish Set - Blue,21.5,,,"https://d3t32hsnjxo7q6.cloudfront.net/i/694782ea45c04cdbedeed096fb82f297_ra,w158,h184_pa,w158,h184.jpg",https://well.ca/products/pacifica-7-free-nail-polish-set_105174.html,https://well.ca,"Pacifica's new 7 Free Nail Polish is long lasting and void of many chemicals that one would find in traditional nail polish. These amazing vibrant colors go on smooth and stay put. In addition, Pacifica has added a custom wide 100% vegan brush for easier application.Features: Dark Desert Highway1972 Pool PartyDriftIngredients: Butyl Acetate, Ethyl Acetate, Nitrocellulose, Adipic Acid/Neopentyl Glycol/Trimellitic Anhydride Copolymer, Acetyl Tributyl Citrate, Isopropyl Alcohol, Styrene/Acrylates Copolymer, Stearalkonium Bentonite, n-Butyl Alcohol, Benzophenone-1, Silica, Alumina, Trimethylpentanediyl Dibenzoate, Polyvinyl Butyral MAY CONTAIN (+/-): Aluminum Powder (CI 77000), Oxides (CI77499 / CI 77491), Red 34 Lake (CI 15880), Red 6 Lake (CI 15850), Red 7 Lake (CI 15850), Yellow 5 Lake (CI 19140), Ferric Ammonium Ferrocyanide (CI 77510), Mica (CI 77019), Blue 1 (CI 42090), Yellow 11 (CI 47000), Titanium",5.0,,nail_polish,['Vegan'],2016-10-01T18:26:49.175Z,2017-12-23T20:51:04.283Z,http://makeup-api.herokuapp.com/api/v1/products/144.json,//s3.amazonaws.com/donovanbailey/products/api_featured_images/000/000/144/original/data?1514062264,[]
33,142,l'oreal,L'Oreal Colour Riche Gold Dust Nail Colour,7.79,,,"https://d3t32hsnjxo7q6.cloudfront.net/i/bfca70deb100137b3f23bb3a0f887420_ra,w158,h184_pa,w158,h184.jpg",https://well.ca/products/loreal-colour-riche-gold-dust-nail_102185.html,https://well.ca,"L'Oreal Colour Riche® presents a new luxurious 3D texture for your nails. In a 
few strokes, achieve a textured nail finish with specks of sparkle for 
the ultimate chic look.",,,nail_polish,[],2016-10-01T18:26:46.512Z,2017-12-23T20:51:08.253Z,http://makeup-api.herokuapp.com/api/v1/products/142.json,//s3.amazonaws.com/donovanbailey/products/api_featured_images/000/000/142/original/data?1514062268,"[{'hex_value': '#2d4b4d', 'colour_name': 'Hidden Gems 141 '}, {'hex_value': '#a96e6a', 'colour_name': 'I Like it Chunky 144 '}, {'hex_value': '#86cecd', 'colour_name': 'Pop the Bubbles 142 '}, {'hex_value': '#3a2657', 'colour_name': 'Sexy in Sequins 137 '}, {'hex_value': '#d4bc98', 'colour_name': 'The Statement Piece 138 '}]"
34,141,l'oreal,L'Oreal Extraordinaire Gel Lacque Nail Colour,8.99,,,"https://d3t32hsnjxo7q6.cloudfront.net/i/284a3bf668e98f69cc51a58ff9de1d1a_ra,w158,h184_pa,w158,h184.jpg",https://well.ca/products/loreal-extraordinaire-gel-lacque_102255.html,https://well.ca,"L’Oréal Paris introduces the Extraordinaire Gel-Lacque 1-2-3 system for perfectly shaped, volumized nails and rich, ultra-glossy colour.This is a three-step nail system: GEL-PRIMER - Apply 1 coat of gel primer to build volume and prepare nails for optimized colour pay-off.GEL-COLOUR - Apply 2 coats of gel colour. Achieve rich, glossy colour and plumped-up nails.GEL-GLAZE - Apply 1 coat of gel glaze. Achieve incredible shine.",,,nail_polish,[],2016-10-01T18:26:45.084Z,2017-12-23T20:51:08.165Z,http://makeup-api.herokuapp.com/api/v1/products/141.json,//s3.amazonaws.com/donovanbailey/products/api_featured_images/000/000/141/original/data?1514062268,[]
35,140,pacifica,7 Free Nail Polish Set - Red,21.5,,,"https://d3t32hsnjxo7q6.cloudfront.net/i/135731beb1a0634f04ebea869dd45f03_ra,w158,h184_pa,w158,h184.jpg",https://well.ca/products/7-free-nail-polish-set-red_105172.html,https://well.ca,"Pacifica's new 7 Free Nail Polish is long lasting and void of many chemicals that one would find in traditional nail polish. These amazing vibrant colors go on smooth and stay put. In addition, Pacifica has added a custom wide 100% vegan brush for easier application.Colours Included: Blushing BunniesRed Red WineCinnamon GirlIngredients: Butyl Acetate, Ethyl Acetate, Nitrocellulose, Adipic Acid/Neopentyl Glycol/Trimellitic Anhydride Copolymer, Acetyl Tributyl Citrate, Isopropyl Alcohol, Styrene/Acrylates Copolymer, Stearalkonium Bentonite, n-Butyl Alcohol, Benzophenone-1, Silica, Alumina, Trimethylpentanediyl Dibenzoate, Polyvinyl Butyral MAY CONTAIN (+/-): Aluminum Powder (CI 77000), Oxides (CI77499 / CI 77491), Red 34 Lake (CI 15880), Red 6 Lake (CI 15850), Red 7 Lake (CI 15850), Yellow 5 Lake (CI 19140), Ferric Ammonium Ferrocyanide (CI 77510), Mica (CI 77019), Blue 1 (CI 42090), Yellow 11 (CI 47000), Titanium",5.0,,nail_polish,['Vegan'],2016-10-01T18:26:43.637Z,2017-12-23T20:31:49.999Z,http://makeup-api.herokuapp.com/api/v1/products/140.json,//s3.amazonaws.com/donovanbailey/products/api_featured_images/000/000/140/original/data?1514061109,[]
36,139,china glaze,China Glaze Nail Lacquer ,8.0,,,"https://d3t32hsnjxo7q6.cloudfront.net/i/11a61e4741fd3299bbf2dbd6b653f0d4_ra,w158,h184_pa,w158,h184.jpeg",https://well.ca/products/china-glaze-nail-lacquer_61013.html,https://well.ca,"China Glaze's ​unique lacquers contain China Clay as a nail hardener, the same material
 that gives porcelain its shiny finish.  These glossy lacquers work in 
perfect cohesion with their professional nail treatments for lasting 
strength, durability and overall gorgeous nails.China Glaze Nail Laquers are free of DBP, Toulene and added Formaldehyde.",4.7,,nail_polish,[],2016-10-01T18:26:41.195Z,2017-12-23T20:51:08.014Z,http://makeup-api.herokuapp.com/api/v1/products/139.json,//s3.amazonaws.com/donovanbailey/products/api_featured_images/000/000/139/original/data?1514062267,"[{'hex_value': '#e13947', 'colour_name': ' Fuchsia (009) '}, {'hex_value': '#ba3252', 'colour_name': 'Jamaican Out (174) '}]"
37,138,essie,Essie Encrusted Nail Polish Collection,10.0,,,"https://d3t32hsnjxo7q6.cloudfront.net/i/7dab50d3ac08ea9c5f2373531a47dd17_ra,w158,h184_pa,w158,h184.png",https://well.ca/products/essie-encrusted-nail-polish_86382.html,https://well.ca,"Get intricate, multi-dimensional, spectacularly ornate caviar nails with Essie Encrusted Nail Polish Collection. With 
all the fine detail of the most fanciful gem-encrusted jewel, these stunning shades take manicures to a whole new richly-sculpted dimension.Shade Range:Belugaria - live like a czarina. this richly ornamented jet black nail lacquer is laced with highly textured matte glitter with flashes of rainbow holographicsPeak of Chic - ascend the pinnacle of fashion and freeze your 
well-manicured assets in this alpine white holographic polish with icy 
crystal fringeOn a Silver Platter - violet holographic glitter and antique 
silver add bold contrast to this pearlescent gold polish that proclaims:
 the world is yours for the takingLots of Lux - pile on the opulence and perfect the art of manicure
 maximalism in this shimmering blue lapis lazuli lacquer with a sleek 
matte finishIgnite the Night - the scintillating light from this sparkling hematite nail lacquer with a superfine matte finish fans the flames of passion for luxurious fashionHors d'Oeuvres - nothing says extravagance like this delightful 
confection of platinum gold nail polish with a touch of iridescent 
silver glitter",5.0,,nail_polish,[],2016-10-01T18:26:39.952Z,2017-12-23T20:51:07.714Z,http://makeup-api.herokuapp.com/api/v1/products/138.json,//s3.amazonaws.com/donovanbailey/products/api_featured_images/000/000/138/original/open-uri20171223-4-1u24djz?1514062267,"[{'hex_value': '#827D7A', 'colour_name': 'On a Silver Platter '}, {'hex_value': '#005A98', 'colour_name': 'Lots of Lux '}, {'hex_value': '#76868C', 'colour_name': 'Ignite the Night '}]"
38,137,revlon,Revlon Transforming Effects Top Coats,6.99,,,"https://d3t32hsnjxo7q6.cloudfront.net/i/5a4b4326f96cafe4c8bfc58ad60559e6_ra,w158,h184_pa,w158,h184.jpg",https://well.ca/products/revlon-transforming-effects-top_101118.html?cat=678,https://well.ca," Transform your mani with these unique Transforming Effects Top Coats from Revlon.  Bold glazes and alluring textures 
instantly transform your manicure. Wear over your favourite Nail 
Enamel to create unique effects.
Shades:",4.0,,nail_polish,[],2016-10-01T18:26:38.470Z,2017-12-23T20:51:07.370Z,http://makeup-api.herokuapp.com/api/v1/products/137.json,//s3.amazonaws.com/donovanbailey/products/api_featured_images/000/000/137/original/data?1514062267,"[{'hex_value': '#efe8db', 'colour_name': 'Cosmic Flakies '}, {'hex_value': '#7e876b', 'colour_name': 'Golden Confetti '}, {'hex_value': '#e1c490', 'colour_name': 'Golden Glaze '}, {'hex_value': '#a7aba4', 'colour_name': 'Holographic Pearls '}, {'hex_value': '#f0c9de', 'colour_name': 'Matte Pearl Glaze '}, {'hex_value': '#dec3bc', 'colour_name': 'Nude Graffiti '}, {'hex_value': '#d9c2d2', 'colour_name': 'Pink Glaze '}]"
39,136,sante,Sante Nail Polish,19.29,,,"https://d3t32hsnjxo7q6.cloudfront.net/i/e7bf82336f5e267d5d0b491c12fdb7cd_ra,w158,h184_pa,w158,h184.jpeg",https://well.ca/products/sante-nail-polish_51679.html,https://well.ca,"The colours of Sante nail polish range from a gentle glow to bold statement colors, and are very skin-friendly. Quick-drying, long-lasting and resistant. Incomparable variety of colors
 and remarkably wearable: no formaldehyde, toluene or rosin. Not tested on animals.Jewel toned shades like Metallic Lavender by Sante make fall beauty a breeze. For more green fall beauty essentials, check out our blog, The Well!",4.4,,nail_polish,['Natural'],2016-10-01T18:26:37.072Z,2017-12-23T20:51:07.242Z,http://makeup-api.herokuapp.com/api/v1/products/136.json,//s3.amazonaws.com/donovanbailey/products/api_featured_images/000/000/136/original/data?1514062267,"[{'hex_value': '#8b6e6b', 'colour_name': 'No.7 Metallic Lavender '}]"
40,135,pure anada,Pure Anada Princess Cosmetics Sugar Plum Kit ,15.0,,,"https://d3t32hsnjxo7q6.cloudfront.net/i/28f6ca4ea2ce4e10d766f4c7cd9bf3d3_ra,w158,h184_pa,w158,h184.jpeg",https://well.ca/products/pure-anada-princess-cosmetics-sugar_93643.html?cat=678,https://well.ca,"This little cosmetics kit is pure and pretty glamour for little princesses!Pure Anada Princess Cosmetics Kit contains eco-friendly, non-toxic formulas that are safe and healthy for the whole kingdom!This kit includes: a natural shimmering lip balm, non-toxic, water-based nail polish and a mineral shimmer powder. Ingredients:Shimmer Powder: Mica, Iron Oxides, Ultramarines, May contain: Titanium Dioxide (NOT nano-sized particles)Lip Shimmer: Organic
 Sunflower Oil, Organic Shea Butter, Beeswax, Candelilla Wax, Mica, Iron
 Oxides, Coconut Oil, Stevia Leaf Extract, Vitamin E (gluten free), 
Essential oil (peppermint, cinnamon, vanilla OR lemon)Nail Polish:
 Water, Acrylates Copolymer, Butoxy Diglycol, Methylisothiazolinone, 
Hydroxxethylcellulose, Mineral Pigments:  Ultramarines, Iron Oxide, 
Titanium Dioxide, Mica, OR Chromium Hydroxide Green",5.0,,nail_polish,"['Canadian', 'Natural']",2016-10-01T18:26:34.722Z,2017-12-23T20:51:06.988Z,http://makeup-api.herokuapp.com/api/v1/products/135.json,//s3.amazonaws.com/donovanbailey/products/api_featured_images/000/000/135/original/data?1514062266,[]
41,134,l'oreal,L'Oreal Paris Colour Riche Collection Exclusive Nail Colour,7.79,,,"https://d3t32hsnjxo7q6.cloudfront.net/i/dec895e124125238709b4dbac19d53c0_ra,w158,h184_pa,w158,h184.jpeg",https://well.ca/products/loreal-paris-colour-riche_96634.html,https://well.ca,"Your dream colour is now at your fingertips with Colour Riche® Nail 
Colour. L'Oreal's formula delivers intense, luxurious colour and up to 10 days
 of shine. This collection includes signature nude shades by L'Oreal's dazzling spokeswomen. The shades are custom-made to match various skin tones and 
haircolour.",,,nail_polish,[],2016-10-01T18:26:33.250Z,2017-12-23T20:51:06.132Z,http://makeup-api.herokuapp.com/api/v1/products/134.json,//s3.amazonaws.com/donovanbailey/products/api_featured_images/000/000/134/original/data?1514062266,"[{'hex_value': '#721f29', 'colour_name': ""Blake's Pure Red ""}, {'hex_value': '#AB7680', 'colour_name': ""Doutzen's Nude ""}, {'hex_value': '#E1B89C', 'colour_name': ""Eva's Nude ""}, {'hex_value': '#AF6E67', 'colour_name': ""Julianne's Nude ""}, {'hex_value': '#72545D', 'colour_name': ""Liya's Nude ""}]"
42,133,maybelline,Maybelline Color Show Nail Lacquer ,4.49,,,"https://d3t32hsnjxo7q6.cloudfront.net/i/a05aa31a7e30d9d262ae36d0be2c4f87_ra,w158,h184_pa,w158,h184.png",https://well.ca/products/maybelline-color-show-nail-lacquer_78068.html,https://well.ca,"High fashion meets high-art. With Maybelline Color Show Nail Lacquer PolkaDots Collection you get 3D nail design for your fingertips!Features: 
Creates Hollywood-worthy special effectsChip-resistant formula Easy-flow brushFormaldehyde, DBP and Toluene freeShade Range: 
",3.3,,nail_polish,[],2016-10-01T18:26:31.673Z,2017-12-23T20:51:05.961Z,http://makeup-api.herokuapp.com/api/v1/products/133.json,//s3.amazonaws.com/donovanbailey/products/api_featured_images/000/000/133/original/open-uri20171223-4-zz1pau?1514062265,"[{'hex_value': '#037679', 'colour_name': 'Drops of Jade  (55) '}]"
43,132,pure anada,Pure Anada Princess Cosmetics Be Mine Kit ,15.0,,,"https://d3t32hsnjxo7q6.cloudfront.net/i/729f14bbcaa15888a91cd7ad200c3a90_ra,w158,h184_pa,w158,h184.jpeg",https://well.ca/products/pure-anada-princess-cosmetics-be_93640.html?cat=678,https://well.ca,"This little cosmetics kit is pure and pretty glamour for little princesses!Pure Anada Princess Cosmetics Kit contains eco-friendly, non-toxic formulas that are safe and healthy for the whole kingdom!This kit includes: a natural shimmering lip balm, non-toxic, water-based nail polish and a mineral shimmer powder. Ingredients:Shimmer Powder: Mica, Iron Oxides, Ultramarines, May contain: Titanium Dioxide (NOT nano-sized particles)Lip Shimmer: Organic Sunflower Oil, Organic Shea Butter, Beeswax, Candelilla Wax, Mica, Iron Oxides, Coconut Oil, Stevia Leaf Extract, Vitamin E (gluten free), Essential oil (peppermint, cinnamon, vanilla OR lemon)Nail Polish: Water, Acrylates Copolymer, Butoxy Diglycol, Methylisothiazolinone, Hydroxxethylcellulose, Mineral Pigments:  Ultramarines, Iron Oxide, Titanium Dioxide, Mica, OR Chromium Hydroxide Green",5.0,,nail_polish,"['Canadian', 'Natural']",2016-10-01T18:26:29.351Z,2017-12-23T20:51:05.773Z,http://makeup-api.herokuapp.com/api/v1/products/132.json,//s3.amazonaws.com/donovanbailey/products/api_featured_images/000/000/132/original/data?1514062265,[]
44,131,essie,Essie Nail Colour Cashmere Matte Collection,10.0,,,"https://d3t32hsnjxo7q6.cloudfront.net/i/5a8e814bb61cd9168941f448d4ea8a1c_ra,w158,h184_pa,w158,h184.jpg",https://well.ca/products/essie-nail-colour-cashmere-matte_102081.html,https://well.ca,"With a satin-matte texture and a subtle but spellbinding 
micro-iridescent finish, this Essie Nail Colour Cashmere Matte Collection is sure to inspire you to epic 
fashion heights.Features:Soft matte finish with reflective pearl colorLuxurious neutral color palette inspired by rich cashmereFor best results, use without a top coatShades (left to right): Comfy in Cashmere, Wrap Me Up, Just Stitched, All Eyes on Nude, Coat Couture, Spun in Luxe",1.5,,nail_polish,[],2016-10-01T18:26:27.827Z,2017-12-23T20:51:05.428Z,http://makeup-api.herokuapp.com/api/v1/products/131.json,//s3.amazonaws.com/donovanbailey/products/api_featured_images/000/000/131/original/data?1514062265,"[{'hex_value': '#a57f7b', 'colour_name': 'Comfy in Cashmere '}, {'hex_value': '#f3e5de', 'colour_name': 'Wrap Me Up '}, {'hex_value': '#938a98', 'colour_name': 'Coat Couture '}, {'hex_value': '#2f4a61', 'colour_name': 'Spun in Luxe '}]"
45,130,revlon,Revlon Top Speed Enamel Nail,6.99,,,"https://d3t32hsnjxo7q6.cloudfront.net/i/588d0b742409c3ad227d9b9c616e5772_ra,w158,h184_pa,w158,h184.jpeg",https://well.ca/products/revlon-top-speed-enamel-nail_31523.html,https://well.ca,"Revlon Top Speed's patented formula
 delivers  amazingly quick color, with a built-in topcoat that rises to 
the surface for a glossy, ultra smooth manicure- that sets in 60 
seconds.  The ColorPrecise brush ensures even, smooth, salon quality 
application every time.
",4.8,,nail_polish,[],2016-10-01T18:26:26.188Z,2017-12-23T20:51:04.960Z,http://makeup-api.herokuapp.com/api/v1/products/130.json,//s3.amazonaws.com/donovanbailey/products/api_featured_images/000/000/130/original/data?1514062264,"[{'hex_value': '#262425', 'colour_name': 'Black Magic '}, {'hex_value': '#E7E8EA', 'colour_name': 'Celestial Fix (Moon & Stars Glitter) '}, {'hex_value': '#C5C5C7', 'colour_name': 'Sterling (Metcallic) '}]"
46,129,butter london,butter LONDON Patent Shine 10x Nail Laquer,22.0,,,"https://d3t32hsnjxo7q6.cloudfront.net/i/739ca23d0c2ee60e0b19c38568b9d9b6_ra,w158,h184_pa,w158,h184.jpg",https://well.ca/products/butter-london-patent-shine-10x-nail_106514.html,https://well.ca,"Butter London's Patent Shine 10x innovative 10-in-1 formula is loaded with ingredients proven to promote brighter, stronger, healthier nails in classic, creamy, wearable shades for your best-dressed nails.10 Benefits:Up to 10 day wearChip resistantFull colour coverageGel-like cushion finish and shineFade-resistantProtectSmoothStrengthenBrighten7 Free - Butter London does not add formaldehyde, formaldehyde resin, toluene, DBP, camphor, xylene, or ethyl tosalimide to its nail product formulaInstructions: Apply one coat of basecoat to clean, dry nails. Follow with your favorite Butter London Patent Shine 10X Nail Lacquer. Apply one coat of topcoat for a smooth, high-gloss finish. Ingredients: Butyl Acetate, Ethyl Acetate, Isopropyl Alcohol, Nitrocellulose, Tosylamide/Epoxy Resin, Acetyl Tributyl Citrate, Benzophenone -1, Styrene/Acrylates Copolymer, Stearalkonium Hectorite, Malic Acid, Citric Acid, Bambusa Vulgaris (Bamboo) Extract, Ethyl Trymethylbenzoyl Phenylphosphinate, Diamond Powder, Polymethylsilsesquioxane.",5.0,,nail_polish,"['Vegan', 'Natural']",2016-10-01T18:26:23.723Z,2017-12-23T20:51:04.648Z,http://makeup-api.herokuapp.com/api/v1/products/129.json,//s3.amazonaws.com/donovanbailey/products/api_featured_images/000/000/129/original/data?1514062264,"[{'hex_value': '#832A66', 'colour_name': 'Ace '}, {'hex_value': '#45060F', 'colour_name': 'Afters '}, {'hex_value': '#FEC2BA', 'colour_name': 'Brill! '}, {'hex_value': '#736641', 'colour_name': 'British Khaki '}, {'hex_value': '#B31733', 'colour_name': 'Broody  '}, {'hex_value': '#D7E0E8', 'colour_name': 'Candy Floss '}, {'hex_value': '#005B83', 'colour_name': 'Chat Up  '}, {'hex_value': '#F57984', 'colour_name': 'Coming Up Roses '}, {'hex_value': '#B0A482', 'colour_name': 'Dapper '}, {'hex_value': '#A7485E', 'colour_name': 'Dearie Me! '}, {'hex_value': '#BA7AA2', 'colour_name': 'Fancy  '}, {'hex_value': '#FF5575', 'colour_name': 'Flusher Blusher  '}, {'hex_value': '#DB0100', 'colour_name': ""Her Majesty's Red  ""}, {'hex_value': '#FF6356', 'colour_name': 'Jolly Good '}, {'hex_value': '#FFACB6', 'colour_name': 'Loverly  '}, {'hex_value': '#D09785', 'colour_name': ""Mum's the Word  ""}, {'hex_value': '#9B9180', 'colour_name': 'Over the Moon  '}, {'hex_value': '#FFDCD2', 'colour_name': 'Pink Knickers  '}, {'hex_value': '#470900', 'colour_name': 'Rather Red '}, {'hex_value': '#FCD1A9', 'colour_name': 'Shop Girl  '}, {'hex_value': '#F72008', 'colour_name': 'Smashing! '}, {'hex_value': '#CEC8BD', 'colour_name': 'Ta-Ta! '}, {'hex_value': '#AD7A69', 'colour_name': 'Tea Time '}, {'hex_value': '#FFE5EA', 'colour_name': 'Twist & Twirl '}]"
47,128,suncoat,Suncoat Polish & Peel Super Natural Mineral Nail Polish,9.29,,,"https://d3t32hsnjxo7q6.cloudfront.net/i/877c15ed5cbbbf0c92ff3a6d74396b25_ra,w158,h184_pa,w158,h184.jpeg",https://well.ca/products/suncoat-polish-peel-super-natural_55983.html,https://well.ca,"Suncoat introduces the first water-based, ordourless, eco-friendly, peelaway polish featuring 
natural colours and mineral pigments instead of synthetics. No nail polish remover needed!Features:Completely VOC free  Free of toulene, formaldehyde (no
					formaldehyde donours), acetates, acetone or any other
					chemical solvents. Releases ONLY water when applied!
					
					Usage Tips: Apply 2-3 thick coats. Polish lasts for weeks on
					toenails and is good for a day or two on finger nails. Adding a
					layer of Suncoat #23 Clear Top Coat will help the nail polish
					to last longer. Removal: Soak nail in warm water, then peel from one corner.Ingredients: Water, acrylic copolymer.
					May contain: mica, iron oxides, titanium dioxide, chromium
					oxide green, ultramarines, ferric ferrocyanide, carmine.Colour Range: 
            				",3.8,,nail_polish,"['Canadian', 'Natural']",2016-10-01T18:26:19.609Z,2017-12-23T20:51:04.175Z,http://makeup-api.herokuapp.com/api/v1/products/128.json,//s3.amazonaws.com/donovanbailey/products/api_featured_images/000/000/128/original/data?1514062264,[]
48,127,essie,Essie Mirror Metallics,10.0,,,"https://d3t32hsnjxo7q6.cloudfront.net/i/f9cf806594b794ebb2f10ce217a90adb_ra,w158,h184_pa,w158,h184.jpeg",https://well.ca/products/essie-mirror-metallics_55512.html,https://well.ca,Get ready to Metal around with colour! Essie's latest collection gives you a brushed steel effect with these high-impact chrome polishes. ,3.4,,nail_polish,[],2016-10-01T18:26:18.417Z,2017-12-23T20:51:04.080Z,http://makeup-api.herokuapp.com/api/v1/products/127.json,//s3.amazonaws.com/donovanbailey/products/api_featured_images/000/000/127/original/data?1514062264,"[{'hex_value': '#6a6f72', 'colour_name': 'No Place Like Chrome '}, {'hex_value': '#a18c70', 'colour_name': 'Good as Gold '}, {'hex_value': '#9e6b56', 'colour_name': 'Penny Talk '}]"
49,126,pure anada,Pure Anada Nail Polish,10.0,,,"https://d3t32hsnjxo7q6.cloudfront.net/i/3184a0a50b398f81e7284b1a04befc9a_ra,w158,h184_pa,w158,h184.jpg",https://well.ca/products/pure-anada-nail-polish_93647.html,https://well.ca,"Pure Anada Nail Polish is long-wearing polish color that is “free” from the 5 most toxic ingredients found in traditional polish. Plus it is solvent-based, not water-based.Pure Anada Polish is amazingly long-lasting when applied with the “Over-Under” base/top coat.Ingredients: Butylacetate, Ethylacetate, Nitrocellulose, Acetyl Tributyl  Citrate, Adipic Acid/Neopentyl, Glycol Trimellitic, Anhydride Copolymer, Isopropyl Alcohol, Acrylates Copolymer, Stearalkonium Bentonite,  Styrene Acrylates, Copolymer, Silica, Alumina, Benzophenone-1. May contain:  Mica, Iron Oxides (CI77491, 77499), Titanium Dioxide (CI77891), Red 7 Lake (CI158501), UltramarinesVegan, Gluten Free, Non-GMO, 5-Free, Dairy Free, Peanut Free",4.8,,nail_polish,"['Natural', 'Vegan', 'Gluten Free', 'Non-GMO', 'Canadian']",2016-10-01T18:26:15.348Z,2017-12-23T20:51:04.558Z,http://makeup-api.herokuapp.com/api/v1/products/126.json,//s3.amazonaws.com/donovanbailey/products/api_featured_images/000/000/126/original/data?1514062264,"[{'hex_value': '#aa897e', 'colour_name': 'Baroque Beauty\t- Medium Taupe '}, {'hex_value': '#e89488', 'colour_name': 'Call Me Baby\t - Coral '}, {'hex_value': '#eed4d2', 'colour_name': 'Cherry Blossom\t - Light Bubble Gum Pink '}, {'hex_value': '#590203', 'colour_name': 'Deep Wine\t - Rich Deep Red Burgundy '}, {'hex_value': '#4b1d33', 'colour_name': 'Eggplant\t - Dark Purple Black '}, {'hex_value': '#d1b494', 'colour_name': 'Jazz Hands\t - Medium Shimmering Caramel '}, {'hex_value': '#7b6a52', 'colour_name': 'Medieval - Deep Grey Brown with Slight Green Undertone '}, {'hex_value': '#f38d6a', 'colour_name': 'Melon Mania\t - Bright Orange Coral '}, {'hex_value': '#8b7267', 'colour_name': 'Mink\t - Medium Grey '}, {'hex_value': '#BD3871', 'colour_name': 'Nebula - Mixed Pink Glitter '}, {'hex_value': '#dbc59b', 'colour_name': 'Saturn\t - Large Gold Glitter and Small Rose Glitter '}, {'hex_value': '#ebd9cd', 'colour_name': 'Sheer Love\t - Sheer Nude '}, {'hex_value': '#d8afb7', 'colour_name': 'Twilight Romance\t - Medium Dusty Rose '}, {'hex_value': '#983539', 'colour_name': 'Velvet Rose\t - Medium Deep Reddish Rose '}, {'hex_value': '#E44579', 'colour_name': 'Make it Magenta '}, {'hex_value': '#FD5758', 'colour_name': 'Poolside Pink '}]"
50,125,sinful colours,Sinful Colours Nail Polish,2.99,,,"https://d3t32hsnjxo7q6.cloudfront.net/i/49011c715277e5f39fd63a8e05cd71ef_ra,w158,h184_pa,w158,h184.jpeg",https://well.ca/products/sinful-colours-nail-polish_92340.html,https://well.ca,"At a low price, Sinful Colors makes putting the glitz on your nails a steal, not a splurge. Nails with bling are an easy and quick way to create your own look: the fabulous value Sinful Colors offers (plus their huge variety of shades!) allows you to easily change your color to match your mood or look any time, any day. With vivid shades that pop, wow, flatter and inspire. In cream, glitter, shimmer and matte, and in formulas you want that provide full color coverage. All made in the USA, with the quality you expect from a leading nail brand, without formaldehyde, toluene and DBP.",4.3,,nail_polish,[],2016-10-01T18:26:13.388Z,2017-12-23T20:51:03.623Z,http://makeup-api.herokuapp.com/api/v1/products/125.json,//s3.amazonaws.com/donovanbailey/products/api_featured_images/000/000/125/original/data?1514062263,"[{'hex_value': '#C281B6', 'colour_name': 'Bali Mist (Purple Pearl) '}, {'hex_value': '#070706', 'colour_name': 'Black on Black (Black Cream) '}, {'hex_value': '#FC5A21', 'colour_name': 'Boogie Nights (Orange Cream) '}, {'hex_value': '#9AD0C8', 'colour_name': 'Cinderella (Blue Shimmer) '}, {'hex_value': '#FE920A', 'colour_name': 'Cloud 9 (Orange Pearl) '}, {'hex_value': '#EE1F70', 'colour_name': 'Cream Pink  (Pink Cream) '}, {'hex_value': '#DA1A79', 'colour_name': 'Daredevil (Pink Cream) '}, {'hex_value': '#F8E2CC', 'colour_name': 'Easy Going (Nude Cream) '}, {'hex_value': '#25348D', 'colour_name': 'Endless Blue (Blue Cream) '}, {'hex_value': '#C30D37', 'colour_name': 'Folly (Red Cream) '}, {'hex_value': '#5B4668', 'colour_name': 'Frenzy (Purple Glitter) '}, {'hex_value': '#EEB3A5', 'colour_name': 'Glass Pink (Pink Shimmer) '}, {'hex_value': '#F4602B', 'colour_name': 'Hazard (Orange Cream) '}, {'hex_value': '#6A65BA', 'colour_name': 'Hottie (Blue Glitter) '}, {'hex_value': '#B69BA0', 'colour_name': 'Let Me Go (Purple Matte) '}, {'hex_value': '#46197C', 'colour_name': ""Let's Talk (Purple Pearl) ""}, {'hex_value': '#0BADC1', 'colour_name': 'Love Nails (Blue Pearl) '}, {'hex_value': '#1A276B', 'colour_name': 'Midnight Blue (Blue Cream) '}, {'hex_value': '#77A981', 'colour_name': 'Mint Apple (Green Cream) '}, {'hex_value': '#B2ACA5', 'colour_name': 'Out Of This World (Gray Shimmer) '}, {'hex_value': '#EB7685', 'colour_name': 'Pink Forever (Pink Cream) '}, {'hex_value': '#F792A5', 'colour_name': 'Pinky Glitter (Pink Glitter) '}, {'hex_value': '#671F20', 'colour_name': 'Rich in Heart (Red Pearl) '}, {'hex_value': '#188260', 'colour_name': 'Rise and Shine (Green Matte) '}, {'hex_value': '#800412', 'colour_name': 'Ruby Ruby (Red Cream) '}, {'hex_value': '#016F6E', 'colour_name': 'Savage (Blue Matte) '}, {'hex_value': '#F3F2F0', 'colour_name': 'Snow Me White (White Cream) '}, {'hex_value': '#E6B896', 'colour_name': 'Social Ladder (Pink Shimmer) '}, {'hex_value': '#D37959', 'colour_name': 'Soul Mate (Nude Cream) '}, {'hex_value': '#780613', 'colour_name': 'Sugar Sugar (Red Shimmer) '}, {'hex_value': '#FD4431', 'colour_name': 'Timbleberry (Red Cream) '}, {'hex_value': '#EBE8F6', 'colour_name': 'Tokyo Pearl (White Pearl) '}, {'hex_value': '#BD3127', 'colour_name': 'Under 18 (Red Pearl) '}, {'hex_value': '#A56340', 'colour_name': 'Vacation Time (Nude Cream) '}, {'hex_value': '#E98C70', 'colour_name': 'You Just Wait (Pink Pearl) '}]"
51,124,mineral fusion,Mineral Fusion Nail Polish,10.0,,,"https://d3t32hsnjxo7q6.cloudfront.net/i/affda4fa0d0c8263549fe901eda814cc_ra,w158,h184_pa,w158,h184.jpg",https://well.ca/products/mineral-fusion-nail-polish_91622.html,https://well.ca,"Mineral Fusion Nail Polish is a healthier alternative to traditional nail polish in many gorgeous shades. Apply this long-lasting chip-resistant mineral nail polish formula flawlessly using the custom, extra-thick brush. Mineral Fusion Nail Polish is a toulene free nail polish and like all of their cosmetics, upholds their standard for Formula Purity.Features:Long-lasting chip resistant formulaFormaldehyde, toulene, camphor and dibutyl pthalate freeCustom, extra-thick brush for flawless applicationIngredients: Ethyl Acetate, Butyl Acetate, Isopropyl Alcohol, Nitrocellulose, Adipic Acid/Neopentyl Glycol/Trimellitic, Anhydride Copolymer, Trimethyl Pentanyl Diisobutyrate, Stearalkonium Hectorite, Diacetone Alcohol Styrene, Acrylates Copolymer, Silica, Citric Acid, Benzophenone. Mica, Oxides, Titanium Dioxide, Bismuth Oxychloride, Aluminum Powder, D&C Red No. 7 Calcium Lake, D&C Violet No. 2, FD&C Yellow No. 5 Alluminum Lake, Ferric Ammonium Ferrocyanide. Mineral Fusion Nail Polish is formaldehyde free, toulene free, camphor free, dibutyl pthalate free, paraben free, hypoallergenic, gluten free, talc free, fragrance free and free of artificial colors. As with all of their cosmetics, Mineral Fusion Nail Polish is never tested on animals.",4.0,,nail_polish,"['Gluten Free', 'Natural']",2016-10-01T18:26:11.009Z,2017-12-23T20:51:03.499Z,http://makeup-api.herokuapp.com/api/v1/products/124.json,//s3.amazonaws.com/donovanbailey/products/api_featured_images/000/000/124/original/data?1514062263,"[{'hex_value': '#E3BFC6', 'colour_name': 'Blushing Crystal - Pale pink (sheer finish) '}, {'hex_value': '#EED8E3', 'colour_name': 'Pink Crush - Sheer pink (glitter finish) '}, {'hex_value': '#F09AA9', 'colour_name': 'Skipping Stone - Light pink (metallic finish) '}]"
52,123,covergirl,CoverGirl Outlast Stay Brilliant Nail Gloss,5.99,,,"https://d3t32hsnjxo7q6.cloudfront.net/i/ad5297ce5c35c04daa3c85b6906aaedc_ra,w158,h184_pa,w158,h184.png",https://well.ca/products/covergirl-outlast-stay-brilliant_107374.html,https://well.ca,"Dare to go topless with CoverGirl Outlast Stay Brilliant Nail Gloss. New high-gloss nail polish formula that combines a base coat, high-gloss color, and a chip-resistant top coat in one simple step. Features:High gloss colourLasts as long as one week3-in-1 formula - base coat, colour, and top coatQuick, easy and convenientHow to Apply:Step 1: File nails to your desired length and shape.Step 2: Brush your favorite nail color on top of each nail. Allow nail polish to fully dry.Step 3: Apply a second coat for deeper pigment.",,,nail_polish,[],2016-10-01T18:26:09.814Z,2017-12-23T20:51:04.423Z,http://makeup-api.herokuapp.com/api/v1/products/123.json,//s3.amazonaws.com/donovanbailey/products/api_featured_images/000/000/123/original/open-uri20171223-4-1dxo5r?1514062264,"[{'hex_value': '#CC2828', 'colour_name': 'Fury  '}, {'hex_value': '#033C8D', 'colour_name': 'Mutant  '}, {'hex_value': '#44092B', 'colour_name': 'Nemesis '}, {'hex_value': '#9A043B', 'colour_name': 'Red Revenge '}, {'hex_value': '#C0B7AF', 'colour_name': 'Speed of Light  '}]"
53,122,revlon,Revlon Nail Enamel,6.99,,,"https://d3t32hsnjxo7q6.cloudfront.net/i/e960bba3ac7a8cb393b2293a976c2b61_ra,w158,h184_pa,w158,h184.jpeg",https://well.ca/products/revlon-nail-enamel_4017.html,https://well.ca,"Rich, glorious, gorgeous color. It completes an outfit. It expresses your mood. It sets hearts racing!Revlon Nail Enamel gives up to 10 
days of lasting color and shine. Revlon's exclusive silk-protein 
shield works to instantly help even out the surface of the nail while 
rising above color to automatically smooth away bubbles, streaks and 
brush marks.",4.4,,nail_polish,[],2016-10-01T18:26:07.954Z,2017-12-23T20:51:03.360Z,http://makeup-api.herokuapp.com/api/v1/products/122.json,//s3.amazonaws.com/donovanbailey/products/api_featured_images/000/000/122/original/data?1514062263,"[{'hex_value': '#F15D5A', 'colour_name': 'Adventurous '}, {'hex_value': '#720a2d', 'colour_name': 'Bewitching  '}, {'hex_value': '#F7ABB8', 'colour_name': 'Bubbly '}, {'hex_value': '#BC7F40', 'colour_name': 'Chameleon '}, {'hex_value': '#C80047', 'colour_name': 'Cherries In The Snow '}, {'hex_value': '#E1AD94', 'colour_name': 'Creme Brulee '}, {'hex_value': '#96181B', 'colour_name': 'Daring Graffiti (with Glitter) '}, {'hex_value': '#AE6475', 'colour_name': 'Desirable '}, {'hex_value': '#5E0012', 'colour_name': 'Divine '}, {'hex_value': '#61a9d3', 'colour_name': 'Dreamer '}, {'hex_value': '#b29a92', 'colour_name': 'Elegant '}, {'hex_value': '#ed1c24', 'colour_name': 'Fearless '}, {'hex_value': '#A03296', 'colour_name': 'Hypnotic '}, {'hex_value': '#B35448', 'colour_name': 'Iced Mauve '}, {'hex_value': '#2C2E2D', 'colour_name': 'Iconic '}, {'hex_value': '#4a3574', 'colour_name': 'Impulsive '}, {'hex_value': '#7D8BC8', 'colour_name': 'Irresistible '}, {'hex_value': '#E52F58', 'colour_name': 'Optimistic '}, {'hex_value': '#520111', 'colour_name': 'Passionate '}, {'hex_value': '#C6168D', 'colour_name': 'Plum Seduction '}, {'hex_value': '#F9F9F9', 'colour_name': 'Pure Pearl '}, {'hex_value': '#A5082E', 'colour_name': 'Raven Red '}, {'hex_value': '#BE0018', 'colour_name': 'Revlon Red '}, {'hex_value': '#C18076', 'colour_name': 'Romantique '}, {'hex_value': '#FDE4E7', 'colour_name': 'Sheer Petal '}, {'hex_value': '#B4A48D', 'colour_name': 'Stunner (with Glitter) '}, {'hex_value': '#B40B4E', 'colour_name': 'Valentine '}, {'hex_value': '#EA5994', 'colour_name': 'Vivacious '}, {'hex_value': '#66073B', 'colour_name': 'Vixen '}]"
54,121,essie,Essie Nail Colour,10.0,,,"https://d3t32hsnjxo7q6.cloudfront.net/i/bec95851afb08acd6f00242e97535f98_ra,w158,h184_pa,w158,h184.jpg",https://well.ca/products/essie-nail-colour_33987.html,https://well.ca,"Colour is the obsession! Dive in and make a splash with Essie Nail Polish. DBP, Toluene and Formaldehyde free.Features: Salon quality formulaLong-lasting, chip-resistant, with a high shine finishBright tropical colours from Essie are the perfect pop for summer! Find more beach ready beauty picks on our blog, The Well.",4.3,,nail_polish,[],2016-10-01T18:26:05.221Z,2017-12-23T20:51:03.218Z,http://makeup-api.herokuapp.com/api/v1/products/121.json,//s3.amazonaws.com/donovanbailey/products/api_featured_images/000/000/121/original/data?1514062263,"[{'hex_value': '#be254e', 'colour_name': 'A List (434) '}, {'hex_value': '#C0C8B3', 'colour_name': 'Absolutely Shore '}, {'hex_value': '#2D3450', 'colour_name': 'After School Boy Blazer '}, {'hex_value': '#894662', 'colour_name': 'Angora Cardi (700) '}, {'hex_value': '#20417d', 'colour_name': 'Aruba Blue (280) '}, {'hex_value': '#56152f', 'colour_name': 'Bahama Mama (400) '}, {'hex_value': '#fbf1ef', 'colour_name': 'Ballet Slippers (162) '}, {'hex_value': '#43787E', 'colour_name': 'Beach Bum Blu - Sea Side Blue Pearl (776) '}, {'hex_value': '#552C32', 'colour_name': 'Berry Naughty '}, {'hex_value': '#b2d8f2', 'colour_name': 'Bikini So Tenny (800) '}, {'hex_value': '#f1f1ec', 'colour_name': 'Blanc (008) '}, {'hex_value': '#5d2d31', 'colour_name': 'Bordeaux (424) '}, {'hex_value': '#1d5ca0', 'colour_name': 'Butler Please (819) '}, {'hex_value': '#b77c66', 'colour_name': 'Buy Me Cameo (286) '}, {'hex_value': '#CD565B', 'colour_name': 'Carousel Coral '}, {'hex_value': '#908080', 'colour_name': 'Chinchilly (696) '}, {'hex_value': '#E0BEA6', 'colour_name': 'Cocktails & Coconuts '}, {'hex_value': '#e41641', 'colour_name': 'Cute as a Button (686) '}, {'hex_value': '#EE0A5A', 'colour_name': 'Double Breasted Jacket '}, {'hex_value': '#d2878c', 'colour_name': 'Eternal Optimist (676) '}, {'hex_value': '#CDEAD8', 'colour_name': 'Fashion Playground '}, {'hex_value': '#ee1930', 'colour_name': 'Fifth Avenue (444) '}, {'hex_value': '#f9ced7', 'colour_name': 'Fiji (348) '}, {'hex_value': '#DEE8EE', 'colour_name': 'Find Me An Oasis '}, {'hex_value': '#004153', 'colour_name': 'Go Overboard (782) '}, {'hex_value': '#225443', 'colour_name': 'Going Incognito '}, {'hex_value': '#F9006B', 'colour_name': 'Haute In The Heat '}, {'hex_value': '#D9B3C0', 'colour_name': 'Hi Maintenance '}, {'hex_value': '#81373e', 'colour_name': 'In Stitches (727) '}, {'hex_value': '#61C3D5', 'colour_name': 'In The Cab-ana '}, {'hex_value': '#d5b0b7', 'colour_name': 'Lady Like '}, {'hex_value': '#658cbd', 'colour_name': 'Lapiz of Luxury (717) '}, {'hex_value': '#130a09', 'colour_name': 'Licorice (720) '}, {'hex_value': '#cab1ce', 'colour_name': 'Lilacism (705) '}, {'hex_value': '#fff4ee', 'colour_name': 'Mademoiselle (384) '}, {'hex_value': '#F46DB9', 'colour_name': 'Madison Ave-hue '}, {'hex_value': '#e9e8e7', 'colour_name': 'Marshmallow (024) '}, {'hex_value': '#9d8f8e', 'colour_name': 'Master Plan (779) '}, {'hex_value': '#776670', 'colour_name': 'Merino Cool (730) '}, {'hex_value': '#001445', 'colour_name': 'Midnight Cami (697) '}, {'hex_value': '#D6C7CD', 'colour_name': 'Minimalistic '}, {'hex_value': '#bde0c5', 'colour_name': 'Mint Candy Apple '}, {'hex_value': '#af9a95', 'colour_name': 'Mochacino (781) '}, {'hex_value': '#e9adc1', 'colour_name': 'Muchi Muchi (152) '}, {'hex_value': '#32195a', 'colour_name': 'No More Film (792) '}, {'hex_value': '#484445', 'colour_name': 'Over the Edge (712) '}, {'hex_value': '#967bb9', 'colour_name': 'Playdate (783) '}, {'hex_value': '#a50037', 'colour_name': 'Plumberry (292) '}, {'hex_value': '#2C6D45', 'colour_name': 'Pretty Edgy '}, {'hex_value': '#951517', 'colour_name': 'Really Red '}, {'hex_value': '#c8b6a2', 'colour_name': 'Sand Tropez (745) '}, {'hex_value': '#4f3d49', 'colour_name': ""Smokin' Hot (739) ""}, {'hex_value': '#02221d', 'colour_name': 'Stylenomics (806) '}, {'hex_value': '#fde7ea', 'colour_name': 'Sugar Daddy (473) '}, {'hex_value': '#FF726F', 'colour_name': 'Sunday Funday '}, {'hex_value': '#f2706b', 'colour_name': 'Tart Deco (709) '}, {'hex_value': '#D1C6C5', 'colour_name': 'Topless & Barefoot '}, {'hex_value': '#0e4a45', 'colour_name': 'Trophy Wife (776) '}, {'hex_value': '#EDE1D6', 'colour_name': 'Tuck It In My Tux '}, {'hex_value': '#74cbc2', 'colour_name': 'Turquoise & Caicos (720) '}, {'hex_value': '#dfbdbd', 'colour_name': 'Vanity Fairest (120) '}, {'hex_value': '#dc104f', 'colour_name': 'Watermelon (127) '}, {'hex_value': '#44001b', 'colour_name': 'Wicked (249) '}]"
55,120,suncoat,Suncoat Girl Nail Beauty Kit with Decals Ballerina Beauty,22.49,,,"https://d3t32hsnjxo7q6.cloudfront.net/i/0c72c8cb27e4c89746e353a332474c81_ra,w158,h184_pa,w158,h184.jpeg",https://well.ca/products/suncoat-girl-nail-beauty-kit-with_74571.html,https://well.ca,"This Suncoat Girl Nail Beauty Kit with Decals is the ideal ""try-me"" pack or birthday gift! This three bottle set delivers fun and unique nail art designs with natural nail polish and nail decals.Features:    Water-based nail polish    Peel-able    No remover needed    Safe and non toxicKit Contains:    Ballerina Beauty color (8 mL)    Strawberry Delight color (8 mL)    Clear Topcoat (8 mL)    1 Page of Nail DecalsIngredients: water, polyurethane. May contain: mica, titanium dioxide, carmine, ferric ferrocyanide, chromium oxide green, iron oxide",4.0,,nail_polish,"['Canadian', 'Natural']",2016-10-01T18:26:03.724Z,2017-12-23T20:51:03.088Z,http://makeup-api.herokuapp.com/api/v1/products/120.json,//s3.amazonaws.com/donovanbailey/products/api_featured_images/000/000/120/original/data?1514062263,[]
56,119,suncoat,Suncoat Girl Nail Beauty Kit with Decals Mermaid Princess,22.49,,,"https://d3t32hsnjxo7q6.cloudfront.net/i/a05895c3b7792308c116e07ff7325f3a_ra,w158,h184_pa,w158,h184.jpeg",https://well.ca/products/suncoat-girl-nail-beauty-kit-with_74570.html,https://well.ca,"This Suncoat Girl Nail Beauty Kit with Decals is the ideal ""try-me"" pack or birthday gift! This three bottle set delivers fun and unique nail art designs with natural nail polish and nail decals.Features:    Water-based nail polish    Peel-able    No remover needed    Safe and non toxicKit Contains:    Mermaid Blue color (8 mL)    Princess Purple color (8 mL)    Clear Topcoat (8 mL)    1 Page of Nail DecalsIngredients: water, polyurethane. May contain: mica, titanium dioxide, carmine, ferric ferrocyanide, chromium oxide green, iron oxide",4.0,,nail_polish,"['Canadian', 'Natural']",2016-10-01T18:26:02.121Z,2017-12-23T20:51:02.898Z,http://makeup-api.herokuapp.com/api/v1/products/119.json,//s3.amazonaws.com/donovanbailey/products/api_featured_images/000/000/119/original/data?1514062262,[]
57,117,l'oreal,L'Oreal Infallible Nail Polish in Keep Magenta,10.99,,,"https://d3t32hsnjxo7q6.cloudfront.net/i/92adb254b0183b5652c581280301cb93_ra,w158,h184_pa,w158,h184.jpg",https://well.ca/products/loreal-infallible-nail-polish-in_102192.html,https://well.ca,"L'Oreal Infallible Nail Polish gives you fantastic gel-like nail colour with a tinted top coat to match!This Infallible nail polish has an exclusive hybrid combo of silicone and Flex-Resin™ that 
interact with one another to create a unique matrix. The formulas are a 
combination of film forming polymer, gellifying agents and crystal 
copolymer designed to bring durability, adhesion to nail and brilliant 
shine. Provides a smooth, plump, spectacular gel shine manicure that 
lasts.Features: Up to 12-day wear
Spectacular gel shine
Matching tinted top coat
No nail damage
Easy to remove",,,nail_polish,[],2016-10-01T18:25:59.507Z,2017-12-23T20:51:02.340Z,http://makeup-api.herokuapp.com/api/v1/products/117.json,//s3.amazonaws.com/donovanbailey/products/api_featured_images/000/000/117/original/data?1514062262,[]
58,116,piggy paint,Piggy Paint Nail Polish,11.99,,,"https://d3t32hsnjxo7q6.cloudfront.net/i/b52e199adc7a7a95d3b910cc234ffd65_ra,w158,h184_pa,w158,h184.jpeg",https://well.ca/products/piggy-paint-nail-polish_81387.html,https://well.ca,"Piggy Paint is specially formulated from natural ingredients and dries 
to a hard, durable finish. This kids nail polish has no toxic chemicals; it’s free of 
formaldehyde, toluene, phthalates, Bisphenol A, ethyl acetate and 
acetone.Say good-bye to harsh, smelly chemicals and hello to Piggy Paint…this natural nail polish is as Natural as Mud!Features: Non-toxicLow OdorWater-based formulaHypoallergenicFun, vibrant colorsDries to a hard, durable finishCruelty-freeHas a little bit of sparkle in the colourSafe for use during Pregnancy!Directions: Wash hands with soap and water.Apply 2 -3 thin coats of Piggy Paint.Air dry 60 seconds.Blow dry polished nails for 1 minute with hair dryer set on warm heat/low blower setting. For safety purposes, please follow manufacturer’s instructions on blow dryer and always monitor your child.Ingredients: Water, acrylates copolymers, melia azadirachta (neem oil).  May contain:
 mica, red 34 lake, ultramarines, titanium dioxide, iron oxide pigments.",4.3,,nail_polish,['Natural'],2016-10-01T18:25:57.245Z,2017-12-23T20:51:02.048Z,http://makeup-api.herokuapp.com/api/v1/products/116.json,//s3.amazonaws.com/donovanbailey/products/api_featured_images/000/000/116/original/data?1514062262,"[{'hex_value': '#FDA4A6', 'colour_name': 'Angel Kisses (Soft, Light Pink) '}, {'hex_value': '#EB00A1', 'colour_name': 'Berry Go Round (Raspberry Inspired Fuschia) '}, {'hex_value': '#2762B2', 'colour_name': 'Brand SpankN Blue (Royal Blue Glitter) '}, {'hex_value': '#8CB4C4', 'colour_name': 'Bubble Trouble '}, {'hex_value': '#BC6497', 'colour_name': 'Fairy Fabulous (Soft Purple) '}, {'hex_value': '#EB5C78', 'colour_name': 'Forever Fancy (Shimmer, Bright Pink '}, {'hex_value': '#C84F85', 'colour_name': 'Girls Rule! (Bright, Shimmery Purple) '}, {'hex_value': '#B0246B', 'colour_name': 'Glamour Girl (Purple Shimmer with Silver Glitter) '}, {'hex_value': '#889D9E', 'colour_name': 'GlitterBug (Silver Glitter) '}, {'hex_value': '#F78DCF', 'colour_name': 'Jazz It Up (Bright Pink Shimmer) '}, {'hex_value': '#FF199F', 'colour_name': 'LOL (Neon Magenta With Shimmer) '}, {'hex_value': '#20A4CB', 'colour_name': 'Mer-maid in the Shade (Creme, Ocean Blue) '}, {'hex_value': '#D1DFCA', 'colour_name': 'Mint to Be (Creme, Mint Green) '}, {'hex_value': '#EECCCD', 'colour_name': 'Muddles the Pig '}, {'hex_value': '#FF8C6F', 'colour_name': 'Peace of Cake (Creme, Peachy Coral) '}, {'hex_value': '#BCA8C4', 'colour_name': 'Periwinkle Little Star (Creme, Pastel Orchid) '}, {'hex_value': '#FD92BE', 'colour_name': 'PINKie Promise (Creme, Neon Pink) '}, {'hex_value': '#EDE6DC', 'colour_name': 'Radioactive (Glows in the Dark)  '}, {'hex_value': '#53C5D0', 'colour_name': 'Sea-quin (Creme, Bright Turquoise) '}, {'hex_value': '#EACBC9', 'colour_name': 'Sweetpea (Sheer Pink) '}]"
59,115,suncoat,Suncoat Girl Water-Based Nail Polish,8.29,,,"https://d3t32hsnjxo7q6.cloudfront.net/i/492cefdf71c66968dd5c6da10cd9c385_ra,w158,h184_pa,w158,h184.jpg",https://well.ca/products/suncoat-girl-water-based-nail-polish_11968.html,https://well.ca,"Suncoat Girl water-based nail polishes are uniquely formulated by their chemists without using any of the following chemicals: Phthalate plasticizers, Toluene, Formaldehyde, Acetates, Alcohol, Glycol ethers, FD&C dyes.Only water, acrylic copolymers and polyurethane (plastic), mineral-based pigments, plastic glitter* and carmine are in these natural nail polishes. Virtually odor-free. Releases water vapor when applied, not toxic chemical fumes. These water-based kids' nail polishes are truly the most natural nail polishes in the market place.*: Spectra glitter, inert plastic glitters. Conforms to ASTM D4236.Application: For children 3 years and older. Use under adult supervision. Also great for anyone to use especially when travel, and for special occasions. Can last couple of days on fingernails. Will last longer on toenails. Apply 2 to 3 thin coats to clean grease-free nails. Dry fully between coats. Peel off the nail polish before changing color by soaking nails in warm water, and peel off from one corner.Shade Range:",3.9,,nail_polish,"['Canadian', 'Natural']",2016-10-01T18:25:55.201Z,2017-12-23T20:51:01.931Z,http://makeup-api.herokuapp.com/api/v1/products/115.json,//s3.amazonaws.com/donovanbailey/products/api_featured_images/000/000/115/original/data?1514062261,"[{'hex_value': '#FF9680', 'colour_name': 'Baby Slipper '}, {'hex_value': '#C47690', 'colour_name': 'Princess Dress '}, {'hex_value': '#6A84BD', 'colour_name': 'Rock Star '}, {'hex_value': '#EC606B', 'colour_name': 'Twinkled Pink '}, {'hex_value': '#CF72A1', 'colour_name': 'Twinkled Purple '}, {'hex_value': '#b95b77', 'colour_name': 'Apple Blossom '}, {'hex_value': '#bb5439', 'colour_name': 'Delicious Peach '}, {'hex_value': '#ca6780', 'colour_name': 'Fairy Glitter '}, {'hex_value': '#1a4971', 'colour_name': 'Mermaid Blue '}, {'hex_value': '#733166', 'colour_name': 'Princess Purple '}, {'hex_value': '#4f4849', 'colour_name': 'Starlight Silver '}, {'hex_value': '#a20f0f', 'colour_name': 'Strawberry Delight '}, {'hex_value': '#C8D8F2', 'colour_name': 'Sparkling Snow '}, {'hex_value': '#c3adaf', 'colour_name': 'Ballerina Beauty '}, {'hex_value': '#cd857b', 'colour_name': 'Eye Candy '}, {'hex_value': '#b75c3f', 'colour_name': 'Golden Sunlight '}, {'hex_value': '#aa5477', 'colour_name': 'Forever Fuchsia '}]"
